order_id,customer_id,order_date,sales_channel,order_status,discount
ORD-00001,CUST-0018,2025-05-22,Retail,Completed,0.20
ORD-00002,CUST-0039,2025-08-17,Partner,Completed,0.10
ORD-00003,CUST-0012,2025-06-12,Partner,Completed,0.15
ORD-00004,CUST-0113,2025-02-21,Partner,Cancelled,0.00
ORD-00005,CUST-0068,2025-06-23,Partner,Completed,0.25
ORD-00006,CUST-0098,2025-06-12,Partner,Completed,0.15
ORD-00007,CUST-0061,2025-11-20,Partner,Cancelled,0.05
ORD-00008,CUST-0026,2025-08-16,Online,Cancelled,0.00
ORD-00009,CUST-0076,2025-07-03,Retail,Completed,0.05
ORD-00010,CUST-0062,2025-09-12,Partner,Completed,0.15
ORD-00011,CUST-0041,2025-02-07,Retail,Cancelled,0.20
ORD-00012,CUST-0124,2025-02-24,Online,Completed,0.10
ORD-00013,CUST-0013,2025-11-07,Partner,Completed,0.10
ORD-00014,CUST-0065,2025-12-14,Partner,Completed,0.25
ORD-00015,CUST-0009,2025-10-24,Retail,Completed,0.00
ORD-00016,CUST-0094,2025-09-29,Partner,Returned,0.05
ORD-00017,CUST-0037,2025-04-26,Partner,Completed,0.15
ORD-00018,CUST-0117,2025-07-08,Partner,Completed,0.10
ORD-00019,CUST-0057,2025-11-28,Online,Completed,0.15
ORD-00020,CUST-0127,2025-03-01,Online,Completed,0.20
ORD-00021,CUST-0108,2025-10-28,Partner,Completed,0.15
ORD-00022,CUST-0105,2025-05-24,Online,Completed,0.05
ORD-00023,CUST-0102,2025-05-22,Online,Returned,0.15
ORD-00024,CUST-0006,2025-01-26,Retail,Completed,0.05
ORD-00025,CUST-0056,2025-04-30,Retail,Completed,0.20
ORD-00026,CUST-0034,2025-10-04,Retail,Completed,0.00
ORD-00027,CUST-0092,2025-05-02,Partner,Completed,0.05
ORD-00028,CUST-0122,2025-08-18,Retail,Completed,0.00
ORD-00029,CUST-0123,2025-07-25,Retail,Completed,0.15
ORD-00030,CUST-0150,2025-10-08,Partner,Completed,0.20
ORD-00031,CUST-0056,2025-08-09,Retail,Cancelled,0.15
ORD-00032,CUST-0081,2025-12-07,Retail,Completed,0.05
ORD-00033,CUST-0143,2025-01-31,Partner,Returned,0.20
ORD-00034,CUST-0080,2025-06-30,Online,Completed,0.05
ORD-00035,CUST-0143,2025-07-08,Online,Completed,0.20
ORD-00036,CUST-0143,2025-01-14,Partner,Cancelled,0.25
ORD-00037,CUST-0002,2025-04-03,Online,Completed,0.15
ORD-00038,CUST-0024,2025-09-29,Online,Completed,0.15
ORD-00039,CUST-0022,2025-01-27,Online,Completed,0.20
ORD-00040,CUST-0114,2025-12-05,Retail,Completed,0.15
ORD-00041,CUST-0125,2025-09-27,Partner,Completed,0.05
ORD-00042,CUST-0075,2025-06-17,Online,Completed,0.25
ORD-00043,CUST-0102,2025-01-22,Retail,Completed,0.00
ORD-00044,CUST-0104,2025-01-11,Retail,Completed,0.20
ORD-00045,CUST-0135,2025-02-10,Retail,Cancelled,0.25
ORD-00046,CUST-0136,2025-09-19,Online,Cancelled,0.10
ORD-00047,CUST-0045,2025-11-05,Online,Completed,0.25
ORD-00048,CUST-0119,2025-10-16,Partner,Completed,0.20
ORD-00049,CUST-0078,2025-05-21,Partner,Completed,0.20
ORD-00050,CUST-0116,2025-01-20,Online,Completed,0.10
ORD-00051,CUST-0130,2025-07-16,Retail,Completed,0.25
ORD-00052,CUST-0049,2025-06-14,Partner,Completed,0.05
ORD-00053,CUST-0088,2025-02-13,Partner,Completed,0.00
ORD-00054,CUST-0041,2025-07-06,Retail,Cancelled,0.15
ORD-00055,CUST-0073,2025-05-10,Partner,Cancelled,0.20
ORD-00056,CUST-0090,2025-06-08,Partner,Completed,0.15
ORD-00057,CUST-0097,2025-11-26,Retail,Completed,0.25
ORD-00058,CUST-0093,2025-01-10,Retail,Completed,0.05
ORD-00059,CUST-0076,2025-02-21,Partner,Completed,0.25
ORD-00060,CUST-0034,2025-11-02,Retail,Completed,0.05
ORD-00061,CUST-0061,2025-08-16,Partner,Completed,0.25
ORD-00062,CUST-0113,2025-08-25,Retail,Completed,0.20
ORD-00063,CUST-0027,2025-09-22,Online,Completed,0.05
ORD-00064,CUST-0116,2025-06-28,Online,Completed,0.15
ORD-00065,CUST-0082,2025-02-20,Partner,Completed,0.05
ORD-00066,CUST-0121,2025-08-18,Partner,Completed,0.00
ORD-00067,CUST-0039,2025-10-08,Partner,Completed,0.15
ORD-00068,CUST-0078,2025-03-04,Online,Completed,0.25
ORD-00069,CUST-0075,2025-08-08,Online,Completed,0.05
ORD-00070,CUST-0130,2025-10-11,Online,Completed,0.15
ORD-00071,CUST-0065,2025-01-09,Retail,Completed,0.10
ORD-00072,CUST-0012,2025-06-30,Partner,Completed,0.25
ORD-00073,CUST-0017,2025-08-23,Online,Completed,0.00
ORD-00074,CUST-0102,2025-10-06,Retail,Completed,0.25
ORD-00075,CUST-0070,2025-03-05,Retail,Completed,0.15
ORD-00076,CUST-0022,2025-08-06,Online,Completed,0.05
ORD-00077,CUST-0115,2025-11-05,Partner,Completed,0.25
ORD-00078,CUST-0020,2025-12-10,Partner,Completed,0.20
ORD-00079,CUST-0009,2025-03-06,Online,Completed,0.25
ORD-00080,CUST-0095,2025-07-10,Retail,Completed,0.20
ORD-00081,CUST-0072,2025-05-08,Online,Completed,0.05
ORD-00082,CUST-0074,2025-12-22,Retail,Completed,0.05
ORD-00083,CUST-0114,2025-02-14,Partner,Returned,0.10
ORD-00084,CUST-0045,2025-07-05,Partner,Completed,0.05
ORD-00085,CUST-0142,2025-10-21,Retail,Completed,0.20
ORD-00086,CUST-0102,2025-09-03,Partner,Completed,0.15
ORD-00087,CUST-0019,2025-08-19,Retail,Completed,0.10
ORD-00088,CUST-0111,2025-09-15,Online,Completed,0.20
ORD-00089,CUST-0058,2025-06-27,Partner,Cancelled,0.00
ORD-00090,CUST-0137,2025-02-17,Partner,Completed,0.20
ORD-00091,CUST-0008,2025-02-11,Online,Cancelled,0.20
ORD-00092,CUST-0140,2025-05-29,Partner,Returned,0.15
ORD-00093,CUST-0016,2025-03-22,Retail,Completed,0.15
ORD-00094,CUST-0089,2025-07-24,Online,Completed,0.20
ORD-00095,CUST-0120,2025-03-04,Retail,Completed,0.05
ORD-00096,CUST-0099,2025-11-12,Retail,Completed,0.05
ORD-00097,CUST-0120,2025-09-13,Retail,Completed,0.00
ORD-00098,CUST-0073,2025-09-11,Partner,Cancelled,0.25
ORD-00099,CUST-0104,2025-07-07,Online,Completed,0.20
ORD-00100,CUST-0099,2025-09-16,Retail,Completed,0.10
ORD-00101,CUST-0101,2025-07-11,Retail,Completed,0.10
ORD-00102,CUST-0011,2025-01-24,Online,Completed,0.10
ORD-00103,CUST-0042,2025-07-21,Partner,Completed,0.10
ORD-00104,CUST-0122,2025-01-09,Retail,Completed,0.00
ORD-00105,CUST-0014,2025-10-26,Retail,Completed,0.25
ORD-00106,CUST-0108,2025-03-19,Retail,Completed,0.15
ORD-00107,CUST-0097,2025-06-10,Online,Completed,0.20
ORD-00108,CUST-0064,2025-05-23,Partner,Completed,0.10
ORD-00109,CUST-0071,2025-05-28,Online,Completed,0.20
ORD-00110,CUST-0114,2025-12-02,Retail,Completed,0.05
ORD-00111,CUST-0036,2025-02-25,Partner,Completed,0.05
ORD-00112,CUST-0014,2025-02-21,Retail,Completed,0.15
ORD-00113,CUST-0141,2025-03-22,Retail,Completed,0.15
ORD-00114,CUST-0137,2025-01-20,Online,Completed,0.05
ORD-00115,CUST-0048,2025-05-29,Online,Completed,0.20
ORD-00116,CUST-0117,2025-11-25,Partner,Completed,0.05
ORD-00117,CUST-0004,2025-06-22,Retail,Completed,0.05
ORD-00118,CUST-0084,2025-02-14,Retail,Completed,0.05
ORD-00119,CUST-0067,2025-07-16,Online,Completed,0.10
ORD-00120,CUST-0016,2025-12-08,Online,Completed,0.05
ORD-00121,CUST-0035,2025-09-02,Online,Completed,0.20
ORD-00122,CUST-0021,2025-09-27,Retail,Completed,0.10
ORD-00123,CUST-0016,2025-10-08,Partner,Completed,0.20
ORD-00124,CUST-0030,2025-12-15,Online,Completed,0.15
ORD-00125,CUST-0015,2025-08-21,Online,Completed,0.15
ORD-00126,CUST-0079,2025-01-12,Retail,Completed,0.00
ORD-00127,CUST-0089,2025-12-25,Online,Completed,0.00
ORD-00128,CUST-0074,2025-07-29,Online,Completed,0.25
ORD-00129,CUST-0090,2025-03-02,Online,Returned,0.15
ORD-00130,CUST-0119,2025-12-11,Partner,Completed,0.20
ORD-00131,CUST-0009,2025-12-05,Retail,Completed,0.00
ORD-00132,CUST-0009,2025-08-17,Partner,Completed,0.00
ORD-00133,CUST-0139,2025-04-22,Online,Completed,0.10
ORD-00134,CUST-0083,2025-05-02,Retail,Cancelled,0.25
ORD-00135,CUST-0143,2025-10-30,Partner,Cancelled,0.25
ORD-00136,CUST-0105,2025-03-18,Retail,Completed,0.20
ORD-00137,CUST-0107,2025-10-13,Partner,Completed,0.05
ORD-00138,CUST-0138,2025-04-08,Online,Completed,0.25
ORD-00139,CUST-0144,2025-04-22,Retail,Completed,0.10
ORD-00140,CUST-0053,2025-07-23,Online,Completed,0.10
ORD-00141,CUST-0120,2025-02-20,Partner,Completed,0.10
ORD-00142,CUST-0145,2025-04-24,Partner,Completed,0.10
ORD-00143,CUST-0128,2025-10-09,Partner,Cancelled,0.10
ORD-00144,CUST-0036,2025-10-07,Retail,Completed,0.20
ORD-00145,CUST-0020,2025-12-09,Online,Completed,0.15
ORD-00146,CUST-0056,2025-09-16,Retail,Completed,0.20
ORD-00147,CUST-0138,2025-05-27,Online,Completed,0.25
ORD-00148,CUST-0135,2025-05-10,Retail,Completed,0.15
ORD-00149,CUST-0118,2025-10-17,Online,Returned,0.05
ORD-00150,CUST-0142,2025-09-01,Online,Completed,0.25
ORD-00151,CUST-0145,2025-02-18,Partner,Cancelled,0.05
ORD-00152,CUST-0020,2025-12-17,Retail,Cancelled,0.20
ORD-00153,CUST-0005,2025-04-17,Partner,Completed,0.25
ORD-00154,CUST-0099,2025-03-13,Partner,Completed,0.20
ORD-00155,CUST-0102,2025-06-17,Online,Completed,0.15
ORD-00156,CUST-0022,2025-11-13,Retail,Completed,0.25
ORD-00157,CUST-0040,2025-07-14,Partner,Completed,0.05
ORD-00158,CUST-0070,2025-02-22,Online,Completed,0.15
ORD-00159,CUST-0142,2025-02-17,Partner,Completed,0.10
ORD-00160,CUST-0134,2025-03-28,Partner,Completed,0.05
ORD-00161,CUST-0112,2025-05-22,Retail,Completed,0.00
ORD-00162,CUST-0118,2025-02-24,Online,Completed,0.15
ORD-00163,CUST-0035,2025-06-03,Retail,Completed,0.25
ORD-00164,CUST-0082,2025-05-30,Partner,Completed,0.15
ORD-00165,CUST-0094,2025-02-28,Partner,Completed,0.20
ORD-00166,CUST-0113,2025-05-30,Partner,Completed,0.15
ORD-00167,CUST-0115,2025-11-03,Retail,Completed,0.20
ORD-00168,CUST-0012,2025-10-16,Partner,Completed,0.15
ORD-00169,CUST-0131,2025-09-23,Partner,Completed,0.20
ORD-00170,CUST-0129,2025-03-19,Retail,Returned,0.15
ORD-00171,CUST-0022,2025-03-01,Partner,Completed,0.10
ORD-00172,CUST-0025,2025-08-13,Partner,Cancelled,0.10
ORD-00173,CUST-0030,2025-01-12,Retail,Completed,0.25
ORD-00174,CUST-0041,2025-06-19,Partner,Completed,0.15
ORD-00175,CUST-0102,2025-01-15,Partner,Completed,0.05
ORD-00176,CUST-0148,2025-02-22,Partner,Completed,0.10
ORD-00177,CUST-0136,2025-11-24,Retail,Completed,0.20
ORD-00178,CUST-0022,2025-12-11,Online,Completed,0.05
ORD-00179,CUST-0108,2025-11-02,Online,Completed,0.15
ORD-00180,CUST-0043,2025-09-08,Retail,Completed,0.10
ORD-00181,CUST-0144,2025-09-16,Partner,Completed,0.25
ORD-00182,CUST-0075,2025-01-17,Retail,Completed,0.10
ORD-00183,CUST-0131,2025-02-27,Partner,Completed,0.20
ORD-00184,CUST-0027,2025-12-01,Online,Completed,0.00
ORD-00185,CUST-0090,2025-11-09,Partner,Completed,0.20
ORD-00186,CUST-0090,2025-09-30,Retail,Completed,0.05
ORD-00187,CUST-0106,2025-01-31,Retail,Cancelled,0.05
ORD-00188,CUST-0101,2025-09-08,Online,Completed,0.10
ORD-00189,CUST-0117,2025-09-07,Retail,Completed,0.25
ORD-00190,CUST-0017,2025-10-01,Retail,Completed,0.15
ORD-00191,CUST-0087,2025-10-08,Partner,Completed,0.15
ORD-00192,CUST-0041,2025-08-14,Retail,Completed,0.15
ORD-00193,CUST-0024,2025-12-02,Retail,Completed,0.10
ORD-00194,CUST-0110,2025-12-02,Online,Completed,0.00
ORD-00195,CUST-0058,2025-09-23,Partner,Completed,0.00
ORD-00196,CUST-0099,2025-02-15,Partner,Completed,0.00
ORD-00197,CUST-0018,2025-09-29,Partner,Completed,0.25
ORD-00198,CUST-0106,2025-11-12,Partner,Completed,0.05
ORD-00199,CUST-0032,2025-10-29,Partner,Completed,0.15
ORD-00200,CUST-0073,2025-12-20,Online,Completed,0.25
ORD-00201,CUST-0014,2025-05-03,Retail,Completed,0.05
ORD-00202,CUST-0146,2025-08-04,Retail,Completed,0.05
ORD-00203,CUST-0102,2025-09-17,Retail,Completed,0.20
ORD-00204,CUST-0131,2025-04-15,Online,Completed,0.15
ORD-00205,CUST-0062,2025-01-30,Online,Completed,0.15
ORD-00206,CUST-0015,2025-06-08,Partner,Completed,0.25
ORD-00207,CUST-0042,2025-09-12,Retail,Completed,0.25
ORD-00208,CUST-0086,2025-08-08,Retail,Completed,0.10
ORD-00209,CUST-0131,2025-07-04,Online,Completed,0.20
ORD-00210,CUST-0147,2025-12-12,Partner,Completed,0.25
ORD-00211,CUST-0063,2025-01-24,Retail,Completed,0.05
ORD-00212,CUST-0083,2025-05-08,Retail,Cancelled,0.10
ORD-00213,CUST-0046,2025-04-25,Partner,Returned,0.15
ORD-00214,CUST-0080,2025-06-17,Online,Completed,0.00
ORD-00215,CUST-0095,2025-10-30,Retail,Returned,0.05
ORD-00216,CUST-0060,2025-10-05,Retail,Completed,0.25
ORD-00217,CUST-0097,2025-06-07,Online,Completed,0.05
ORD-00218,CUST-0106,2025-12-25,Retail,Completed,0.25
ORD-00219,CUST-0130,2025-03-10,Partner,Completed,0.00
ORD-00220,CUST-0061,2025-05-30,Retail,Cancelled,0.15
ORD-00221,CUST-0035,2025-10-27,Online,Completed,0.05
ORD-00222,CUST-0079,2025-08-26,Retail,Cancelled,0.00
ORD-00223,CUST-0038,2025-02-16,Partner,Completed,0.10
ORD-00224,CUST-0143,2025-10-09,Online,Completed,0.00
ORD-00225,CUST-0034,2025-04-12,Retail,Completed,0.25
ORD-00226,CUST-0067,2025-02-08,Online,Returned,0.05
ORD-00227,CUST-0147,2025-08-10,Partner,Completed,0.00
ORD-00228,CUST-0039,2025-01-18,Partner,Completed,0.05
ORD-00229,CUST-0072,2025-07-16,Online,Completed,0.25
ORD-00230,CUST-0123,2025-10-06,Retail,Completed,0.20
ORD-00231,CUST-0057,2025-01-16,Retail,Completed,0.15
ORD-00232,CUST-0069,2025-10-01,Partner,Completed,0.05
ORD-00233,CUST-0008,2025-12-27,Partner,Completed,0.20
ORD-00234,CUST-0080,2025-03-31,Retail,Completed,0.00
ORD-00235,CUST-0123,2025-01-01,Retail,Cancelled,0.05
ORD-00236,CUST-0006,2025-03-17,Partner,Completed,0.05
ORD-00237,CUST-0019,2025-07-11,Partner,Cancelled,0.15
ORD-00238,CUST-0083,2025-03-11,Online,Completed,0.15
ORD-00239,CUST-0079,2025-12-19,Retail,Completed,0.25
ORD-00240,CUST-0146,2025-01-17,Online,Completed,0.20
ORD-00241,CUST-0085,2025-02-09,Online,Completed,0.10
ORD-00242,CUST-0068,2025-04-18,Online,Completed,0.10
ORD-00243,CUST-0043,2025-07-31,Retail,Cancelled,0.10
ORD-00244,CUST-0006,2025-06-13,Retail,Returned,0.00
ORD-00245,CUST-0087,2025-11-01,Partner,Cancelled,0.25
ORD-00246,CUST-0112,2025-03-22,Online,Completed,0.05
ORD-00247,CUST-0073,2025-06-02,Online,Completed,0.15
ORD-00248,CUST-0123,2025-04-13,Online,Completed,0.05
ORD-00249,CUST-0126,2025-12-05,Retail,Completed,0.20
ORD-00250,CUST-0113,2025-08-27,Retail,Completed,0.10
ORD-00251,CUST-0022,2025-12-09,Retail,Completed,0.15
ORD-00252,CUST-0108,2025-10-02,Partner,Cancelled,0.15
ORD-00253,CUST-0009,2025-09-15,Partner,Cancelled,0.20
ORD-00254,CUST-0055,2025-04-09,Online,Completed,0.00
ORD-00255,CUST-0102,2025-10-10,Retail,Cancelled,0.20
ORD-00256,CUST-0146,2025-10-29,Partner,Completed,0.00
ORD-00257,CUST-0074,2025-10-02,Retail,Cancelled,0.10
ORD-00258,CUST-0103,2025-01-20,Retail,Cancelled,0.10
ORD-00259,CUST-0006,2025-06-22,Retail,Completed,0.15
ORD-00260,CUST-0077,2025-08-15,Retail,Completed,0.15
ORD-00261,CUST-0055,2025-07-28,Partner,Completed,0.20
ORD-00262,CUST-0104,2025-03-11,Partner,Cancelled,0.00
ORD-00263,CUST-0009,2025-08-22,Online,Cancelled,0.25
ORD-00264,CUST-0102,2025-11-22,Online,Completed,0.05
ORD-00265,CUST-0090,2025-06-26,Online,Completed,0.10
ORD-00266,CUST-0099,2025-01-26,Online,Cancelled,0.05
ORD-00267,CUST-0132,2025-01-11,Partner,Completed,0.05
ORD-00268,CUST-0079,2025-11-26,Retail,Completed,0.15
ORD-00269,CUST-0102,2025-10-27,Online,Completed,0.25
ORD-00270,CUST-0087,2025-05-22,Partner,Completed,0.10
ORD-00271,CUST-0104,2025-12-05,Retail,Completed,0.25
ORD-00272,CUST-0067,2025-08-03,Retail,Completed,0.00
ORD-00273,CUST-0092,2025-09-17,Retail,Cancelled,0.25
ORD-00274,CUST-0067,2025-10-14,Online,Cancelled,0.10
ORD-00275,CUST-0058,2025-06-07,Retail,Completed,0.10
ORD-00276,CUST-0014,2025-11-21,Partner,Completed,0.20
ORD-00277,CUST-0129,2025-03-03,Partner,Completed,0.10
ORD-00278,CUST-0037,2025-06-11,Partner,Completed,0.00
ORD-00279,CUST-0044,2025-10-23,Online,Completed,0.00
ORD-00280,CUST-0110,2025-09-02,Retail,Completed,0.20
ORD-00281,CUST-0049,2025-01-10,Partner,Completed,0.25
ORD-00282,CUST-0027,2025-07-16,Partner,Completed,0.05
ORD-00283,CUST-0075,2025-08-22,Partner,Completed,0.20
ORD-00284,CUST-0043,2025-07-26,Online,Completed,0.25
ORD-00285,CUST-0044,2025-03-05,Retail,Completed,0.00
ORD-00286,CUST-0107,2025-08-16,Retail,Completed,0.10
ORD-00287,CUST-0036,2025-08-03,Online,Completed,0.20
ORD-00288,CUST-0028,2025-09-12,Online,Completed,0.10
ORD-00289,CUST-0011,2025-10-08,Retail,Cancelled,0.25
ORD-00290,CUST-0039,2025-02-16,Partner,Completed,0.25
ORD-00291,CUST-0117,2025-06-01,Retail,Completed,0.00
ORD-00292,CUST-0110,2025-03-01,Online,Cancelled,0.00
ORD-00293,CUST-0085,2025-07-03,Retail,Returned,0.10
ORD-00294,CUST-0047,2025-02-28,Retail,Completed,0.15
ORD-00295,CUST-0016,2025-03-23,Online,Completed,0.20
ORD-00296,CUST-0124,2025-09-07,Online,Cancelled,0.15
ORD-00297,CUST-0081,2025-01-07,Partner,Cancelled,0.20
ORD-00298,CUST-0025,2025-08-10,Partner,Cancelled,0.15
ORD-00299,CUST-0041,2025-09-16,Retail,Cancelled,0.05
ORD-00300,CUST-0062,2025-06-19,Retail,Completed,0.05
ORD-00301,CUST-0128,2025-08-17,Retail,Completed,0.15
ORD-00302,CUST-0106,2025-01-19,Partner,Completed,0.00
ORD-00303,CUST-0014,2025-04-25,Retail,Completed,0.20
ORD-00304,CUST-0075,2025-10-08,Partner,Completed,0.00
ORD-00305,CUST-0036,2025-07-29,Online,Completed,0.05
ORD-00306,CUST-0049,2025-06-23,Online,Completed,0.00
ORD-00307,CUST-0130,2025-03-10,Retail,Completed,0.25
ORD-00308,CUST-0150,2025-09-05,Partner,Cancelled,0.05
ORD-00309,CUST-0083,2025-09-16,Retail,Completed,0.20
ORD-00310,CUST-0116,2025-03-10,Online,Completed,0.25
ORD-00311,CUST-0075,2025-12-18,Retail,Cancelled,0.05
ORD-00312,CUST-0091,2025-10-15,Retail,Completed,0.25
ORD-00313,CUST-0038,2025-01-28,Partner,Completed,0.10
ORD-00314,CUST-0076,2025-04-15,Partner,Completed,0.15
ORD-00315,CUST-0058,2025-11-28,Partner,Completed,0.20
ORD-00316,CUST-0014,2025-01-07,Partner,Completed,0.20
ORD-00317,CUST-0020,2025-04-06,Online,Completed,0.00
ORD-00318,CUST-0002,2025-06-19,Retail,Completed,0.05
ORD-00319,CUST-0014,2025-11-17,Partner,Completed,0.10
ORD-00320,CUST-0134,2025-02-04,Partner,Completed,0.20
ORD-00321,CUST-0056,2025-11-13,Partner,Completed,0.20
ORD-00322,CUST-0115,2025-05-04,Partner,Completed,0.20
ORD-00323,CUST-0099,2025-05-12,Partner,Completed,0.00
ORD-00324,CUST-0050,2025-06-14,Partner,Completed,0.00
ORD-00325,CUST-0054,2025-12-10,Partner,Completed,0.25
ORD-00326,CUST-0085,2025-01-20,Online,Completed,0.05
ORD-00327,CUST-0116,2025-11-19,Retail,Completed,0.00
ORD-00328,CUST-0129,2025-02-24,Retail,Completed,0.10
ORD-00329,CUST-0098,2025-07-22,Partner,Completed,0.05
ORD-00330,CUST-0037,2025-06-02,Partner,Cancelled,0.25
ORD-00331,CUST-0002,2025-10-21,Partner,Completed,0.20
ORD-00332,CUST-0089,2025-04-19,Retail,Cancelled,0.20
ORD-00333,CUST-0065,2025-04-10,Online,Completed,0.20
ORD-00334,CUST-0141,2025-02-07,Retail,Completed,0.10
ORD-00335,CUST-0125,2025-06-19,Retail,Completed,0.25
ORD-00336,CUST-0050,2025-06-12,Retail,Completed,0.20
ORD-00337,CUST-0002,2025-06-10,Online,Completed,0.25
ORD-00338,CUST-0079,2025-09-07,Partner,Completed,0.25
ORD-00339,CUST-0138,2025-04-11,Retail,Completed,0.25
ORD-00340,CUST-0130,2025-11-20,Online,Completed,0.20
ORD-00341,CUST-0094,2025-07-20,Online,Cancelled,0.20
ORD-00342,CUST-0094,2025-09-15,Online,Cancelled,0.20
ORD-00343,CUST-0046,2025-10-17,Partner,Completed,0.05
ORD-00344,CUST-0060,2025-01-22,Partner,Completed,0.10
ORD-00345,CUST-0068,2025-10-24,Partner,Completed,0.15
ORD-00346,CUST-0104,2025-06-30,Retail,Completed,0.15
ORD-00347,CUST-0113,2025-03-26,Online,Completed,0.25
ORD-00348,CUST-0031,2025-12-05,Online,Completed,0.10
ORD-00349,CUST-0123,2025-04-18,Partner,Completed,0.15
ORD-00350,CUST-0033,2025-10-21,Partner,Completed,0.25
ORD-00351,CUST-0015,2025-03-27,Retail,Cancelled,0.20
ORD-00352,CUST-0121,2025-09-04,Online,Completed,0.15
ORD-00353,CUST-0068,2025-03-27,Partner,Completed,0.15
ORD-00354,CUST-0099,2025-03-09,Online,Completed,0.20
ORD-00355,CUST-0129,2025-03-02,Online,Completed,0.05
ORD-00356,CUST-0108,2025-07-09,Online,Cancelled,0.15
ORD-00357,CUST-0148,2025-02-20,Retail,Completed,0.15
ORD-00358,CUST-0105,2025-05-12,Online,Completed,0.25
ORD-00359,CUST-0031,2025-09-24,Online,Completed,0.05
ORD-00360,CUST-0065,2025-05-14,Partner,Completed,0.10
ORD-00361,CUST-0046,2025-07-09,Partner,Completed,0.10
ORD-00362,CUST-0115,2025-12-25,Online,Completed,0.20
ORD-00363,CUST-0121,2025-11-04,Retail,Completed,0.10
ORD-00364,CUST-0099,2025-07-25,Partner,Completed,0.10
ORD-00365,CUST-0113,2025-01-06,Online,Cancelled,0.20
ORD-00366,CUST-0044,2025-12-12,Online,Completed,0.25
ORD-00367,CUST-0071,2025-07-24,Retail,Completed,0.15
ORD-00368,CUST-0141,2025-05-26,Partner,Completed,0.20
ORD-00369,CUST-0104,2025-10-22,Online,Completed,0.15
ORD-00370,CUST-0129,2025-05-31,Retail,Cancelled,0.20
ORD-00371,CUST-0124,2025-05-05,Retail,Returned,0.15
ORD-00372,CUST-0059,2025-06-11,Retail,Returned,0.20
ORD-00373,CUST-0074,2025-02-17,Retail,Completed,0.10
ORD-00374,CUST-0122,2025-06-10,Retail,Completed,0.20
ORD-00375,CUST-0068,2025-04-16,Online,Completed,0.05
ORD-00376,CUST-0002,2025-10-05,Online,Completed,0.10
ORD-00377,CUST-0072,2025-07-23,Online,Cancelled,0.05
ORD-00378,CUST-0123,2025-10-04,Online,Completed,0.15
ORD-00379,CUST-0081,2025-12-19,Online,Completed,0.05
ORD-00380,CUST-0068,2025-05-02,Retail,Completed,0.20
ORD-00381,CUST-0096,2025-07-06,Retail,Completed,0.05
ORD-00382,CUST-0061,2025-10-12,Retail,Cancelled,0.05
ORD-00383,CUST-0108,2025-09-13,Online,Returned,0.25
ORD-00384,CUST-0102,2025-02-20,Partner,Completed,0.05
ORD-00385,CUST-0093,2025-10-14,Partner,Cancelled,0.10
ORD-00386,CUST-0148,2025-10-22,Partner,Completed,0.05
ORD-00387,CUST-0098,2025-11-11,Retail,Completed,0.05
ORD-00388,CUST-0104,2025-02-06,Online,Completed,0.05
ORD-00389,CUST-0114,2025-07-05,Partner,Completed,0.15
ORD-00390,CUST-0043,2025-07-23,Online,Completed,0.15
ORD-00391,CUST-0135,2025-02-12,Online,Completed,0.05
ORD-00392,CUST-0059,2025-05-07,Partner,Completed,0.25
ORD-00393,CUST-0009,2025-12-06,Retail,Cancelled,0.10
ORD-00394,CUST-0117,2025-11-20,Partner,Completed,0.20
ORD-00395,CUST-0114,2025-06-07,Retail,Completed,0.05
ORD-00396,CUST-0121,2025-10-01,Online,Completed,0.15
ORD-00397,CUST-0096,2025-04-07,Retail,Cancelled,0.15
ORD-00398,CUST-0062,2025-09-22,Partner,Completed,0.25
ORD-00399,CUST-0047,2025-03-11,Retail,Completed,0.15
ORD-00400,CUST-0006,2025-04-06,Online,Completed,0.05
ORD-00401,CUST-0108,2025-06-09,Retail,Returned,0.15
ORD-00402,CUST-0038,2025-01-29,Retail,Completed,0.00
ORD-00403,CUST-0114,2025-05-07,Partner,Returned,0.05
ORD-00404,CUST-0011,2025-10-09,Partner,Completed,0.15
ORD-00405,CUST-0112,2025-06-16,Online,Completed,0.10
ORD-00406,CUST-0003,2025-01-22,Partner,Completed,0.15
ORD-00407,CUST-0128,2025-02-16,Partner,Completed,0.25
ORD-00408,CUST-0040,2025-12-26,Partner,Completed,0.05
ORD-00409,CUST-0092,2025-03-10,Retail,Cancelled,0.15
ORD-00410,CUST-0090,2025-06-15,Partner,Completed,0.20
ORD-00411,CUST-0076,2025-05-15,Partner,Completed,0.00
ORD-00412,CUST-0049,2025-09-26,Partner,Completed,0.20
ORD-00413,CUST-0083,2025-02-26,Online,Completed,0.00
ORD-00414,CUST-0009,2025-04-14,Online,Completed,0.00
ORD-00415,CUST-0126,2025-09-27,Partner,Completed,0.10
ORD-00416,CUST-0019,2025-01-07,Online,Completed,0.00
ORD-00417,CUST-0136,2025-01-21,Partner,Completed,0.10
ORD-00418,CUST-0025,2025-02-21,Partner,Completed,0.15
ORD-00419,CUST-0046,2025-10-13,Partner,Completed,0.25
ORD-00420,CUST-0118,2025-12-26,Partner,Completed,0.00
ORD-00421,CUST-0087,2025-12-03,Online,Completed,0.20
ORD-00422,CUST-0062,2025-10-16,Partner,Completed,0.20
ORD-00423,CUST-0073,2025-11-02,Online,Completed,0.10
ORD-00424,CUST-0055,2025-06-11,Online,Completed,0.25
ORD-00425,CUST-0025,2025-01-20,Retail,Completed,0.05
ORD-00426,CUST-0024,2025-10-20,Retail,Completed,0.05
ORD-00427,CUST-0045,2025-09-07,Partner,Cancelled,0.00
ORD-00428,CUST-0090,2025-08-11,Retail,Cancelled,0.00
ORD-00429,CUST-0079,2025-09-26,Online,Completed,0.20
ORD-00430,CUST-0013,2025-12-11,Partner,Returned,0.15
ORD-00431,CUST-0075,2025-07-21,Online,Completed,0.00
ORD-00432,CUST-0112,2025-12-24,Online,Completed,0.15
ORD-00433,CUST-0144,2025-11-12,Partner,Completed,0.05
ORD-00434,CUST-0083,2025-12-17,Partner,Completed,0.25
ORD-00435,CUST-0079,2025-03-28,Retail,Completed,0.15
ORD-00436,CUST-0096,2025-03-21,Partner,Cancelled,0.00
ORD-00437,CUST-0038,2025-05-28,Online,Completed,0.00
ORD-00438,CUST-0055,2025-04-15,Partner,Completed,0.10
ORD-00439,CUST-0044,2025-01-31,Retail,Completed,0.25
ORD-00440,CUST-0093,2025-02-25,Online,Completed,0.25
ORD-00441,CUST-0023,2025-04-06,Online,Completed,0.15
ORD-00442,CUST-0136,2025-06-06,Retail,Completed,0.25
ORD-00443,CUST-0078,2025-05-01,Partner,Completed,0.00
ORD-00444,CUST-0088,2025-07-21,Partner,Completed,0.25
ORD-00445,CUST-0085,2025-08-18,Partner,Completed,0.25
ORD-00446,CUST-0080,2025-12-19,Partner,Cancelled,0.05
ORD-00447,CUST-0048,2025-06-12,Online,Completed,0.10
ORD-00448,CUST-0048,2025-01-14,Partner,Completed,0.20
ORD-00449,CUST-0092,2025-02-10,Partner,Completed,0.05
ORD-00450,CUST-0058,2025-01-17,Retail,Completed,0.00
ORD-00451,CUST-0113,2025-11-12,Retail,Completed,0.15
ORD-00452,CUST-0098,2025-06-10,Retail,Completed,0.25
ORD-00453,CUST-0116,2025-08-22,Online,Cancelled,0.05
ORD-00454,CUST-0102,2025-06-05,Retail,Completed,0.15
ORD-00455,CUST-0024,2025-09-14,Online,Completed,0.20
ORD-00456,CUST-0007,2025-04-02,Retail,Completed,0.25
ORD-00457,CUST-0042,2025-03-05,Online,Completed,0.15
ORD-00458,CUST-0097,2025-10-09,Retail,Completed,0.05
ORD-00459,CUST-0108,2025-06-07,Retail,Completed,0.15
ORD-00460,CUST-0065,2025-01-07,Retail,Completed,0.15
ORD-00461,CUST-0061,2025-04-22,Partner,Completed,0.15
ORD-00462,CUST-0054,2025-01-26,Online,Completed,0.25
ORD-00463,CUST-0085,2025-02-14,Online,Completed,0.05
ORD-00464,CUST-0117,2025-10-24,Retail,Cancelled,0.00
ORD-00465,CUST-0017,2025-05-30,Retail,Completed,0.25
ORD-00466,CUST-0015,2025-02-25,Partner,Completed,0.25
ORD-00467,CUST-0074,2025-08-07,Partner,Completed,0.10
ORD-00468,CUST-0047,2025-11-09,Online,Completed,0.05
ORD-00469,CUST-0120,2025-11-17,Online,Completed,0.05
ORD-00470,CUST-0073,2025-05-11,Online,Completed,0.20
ORD-00471,CUST-0008,2025-03-31,Online,Completed,0.10
ORD-00472,CUST-0119,2025-07-31,Partner,Completed,0.20
ORD-00473,CUST-0148,2025-12-17,Retail,Completed,0.10
ORD-00474,CUST-0008,2025-06-23,Retail,Completed,0.05
ORD-00475,CUST-0128,2025-05-02,Retail,Completed,0.10
ORD-00476,CUST-0096,2025-01-20,Online,Cancelled,0.15
ORD-00477,CUST-0040,2025-04-08,Retail,Cancelled,0.25
ORD-00478,CUST-0010,2025-08-24,Retail,Completed,0.20
ORD-00479,CUST-0012,2025-12-18,Partner,Cancelled,0.10
ORD-00480,CUST-0083,2025-04-13,Online,Completed,0.20
ORD-00481,CUST-0030,2025-01-08,Partner,Completed,0.00
ORD-00482,CUST-0070,2025-03-14,Partner,Completed,0.20
ORD-00483,CUST-0087,2025-10-04,Retail,Completed,0.00
ORD-00484,CUST-0115,2025-11-12,Retail,Completed,0.05
ORD-00485,CUST-0034,2025-02-17,Partner,Completed,0.15
ORD-00486,CUST-0067,2025-07-06,Retail,Completed,0.25
ORD-00487,CUST-0029,2025-06-29,Retail,Completed,0.05
ORD-00488,CUST-0028,2025-06-16,Partner,Completed,0.10
ORD-00489,CUST-0124,2025-07-16,Online,Completed,0.25
ORD-00490,CUST-0030,2025-10-31,Partner,Completed,0.20
ORD-00491,CUST-0079,2025-07-27,Online,Completed,0.25
ORD-00492,CUST-0038,2025-12-05,Online,Completed,0.10
ORD-00493,CUST-0078,2025-08-11,Partner,Returned,0.10
ORD-00494,CUST-0131,2025-07-26,Online,Cancelled,0.00
ORD-00495,CUST-0073,2025-01-16,Online,Completed,0.20
ORD-00496,CUST-0122,2025-03-13,Online,Completed,0.10
ORD-00497,CUST-0125,2025-12-03,Retail,Returned,0.05
ORD-00498,CUST-0117,2025-12-23,Partner,Cancelled,0.20
ORD-00499,CUST-0116,2025-07-16,Retail,Completed,0.15
ORD-00500,CUST-0061,2025-09-14,Retail,Completed,0.20
ORD-00501,CUST-0124,2025-12-20,Online,Completed,0.25
ORD-00502,CUST-0063,2025-08-30,Partner,Completed,0.25
ORD-00503,CUST-0080,2025-11-10,Online,Cancelled,0.20
ORD-00504,CUST-0132,2025-08-29,Partner,Completed,0.15
ORD-00505,CUST-0145,2025-05-14,Online,Completed,0.20
ORD-00506,CUST-0007,2025-05-27,Retail,Completed,0.20
ORD-00507,CUST-0034,2025-11-12,Retail,Completed,0.10
ORD-00508,CUST-0045,2025-10-30,Partner,Completed,0.15
ORD-00509,CUST-0009,2025-06-25,Online,Returned,0.20
ORD-00510,CUST-0113,2025-11-23,Online,Completed,0.25
ORD-00511,CUST-0103,2025-09-01,Retail,Completed,0.20
ORD-00512,CUST-0038,2025-09-29,Retail,Completed,0.15
ORD-00513,CUST-0070,2025-06-21,Retail,Completed,0.00
ORD-00514,CUST-0134,2025-06-22,Partner,Completed,0.05
ORD-00515,CUST-0026,2025-09-26,Online,Cancelled,0.10
ORD-00516,CUST-0007,2025-11-14,Online,Completed,0.20
ORD-00517,CUST-0034,2025-07-12,Partner,Completed,0.25
ORD-00518,CUST-0120,2025-12-05,Online,Completed,0.10
ORD-00519,CUST-0086,2025-01-31,Retail,Returned,0.10
ORD-00520,CUST-0101,2025-04-02,Partner,Completed,0.05
ORD-00521,CUST-0147,2025-05-09,Retail,Completed,0.15
ORD-00522,CUST-0039,2025-12-25,Retail,Cancelled,0.20
ORD-00523,CUST-0123,2025-08-12,Retail,Completed,0.00
ORD-00524,CUST-0146,2025-10-02,Retail,Completed,0.10
ORD-00525,CUST-0046,2025-10-11,Online,Returned,0.25
ORD-00526,CUST-0125,2025-02-13,Partner,Completed,0.05
ORD-00527,CUST-0062,2025-09-08,Retail,Completed,0.20
ORD-00528,CUST-0015,2025-06-22,Partner,Completed,0.00
ORD-00529,CUST-0149,2025-04-30,Online,Completed,0.05
ORD-00530,CUST-0079,2025-02-19,Retail,Completed,0.20
ORD-00531,CUST-0128,2025-11-01,Partner,Completed,0.05
ORD-00532,CUST-0055,2025-01-24,Partner,Completed,0.00
ORD-00533,CUST-0107,2025-03-28,Partner,Completed,0.05
ORD-00534,CUST-0005,2025-09-07,Online,Completed,0.05
ORD-00535,CUST-0107,2025-12-22,Retail,Completed,0.05
ORD-00536,CUST-0062,2025-03-31,Partner,Completed,0.20
ORD-00537,CUST-0108,2025-01-03,Partner,Completed,0.00
ORD-00538,CUST-0139,2025-09-17,Online,Completed,0.25
ORD-00539,CUST-0039,2025-12-17,Retail,Completed,0.05
ORD-00540,CUST-0073,2025-04-18,Retail,Completed,0.20
ORD-00541,CUST-0030,2025-02-06,Online,Completed,0.20
ORD-00542,CUST-0059,2025-02-20,Online,Completed,0.05
ORD-00543,CUST-0117,2025-04-02,Retail,Completed,0.15
ORD-00544,CUST-0033,2025-01-17,Partner,Completed,0.10
ORD-00545,CUST-0044,2025-06-25,Online,Cancelled,0.20
ORD-00546,CUST-0059,2025-02-14,Retail,Cancelled,0.15
ORD-00547,CUST-0004,2025-08-08,Partner,Cancelled,0.05
ORD-00548,CUST-0002,2025-08-02,Online,Completed,0.15
ORD-00549,CUST-0101,2025-09-03,Partner,Completed,0.15
ORD-00550,CUST-0076,2025-05-03,Partner,Returned,0.00
ORD-00551,CUST-0048,2025-07-09,Partner,Completed,0.25
ORD-00552,CUST-0086,2025-09-29,Online,Completed,0.10
ORD-00553,CUST-0094,2025-01-27,Online,Completed,0.15
ORD-00554,CUST-0045,2025-11-28,Partner,Completed,0.20
ORD-00555,CUST-0030,2025-11-29,Retail,Completed,0.20
ORD-00556,CUST-0129,2025-12-15,Retail,Completed,0.00
ORD-00557,CUST-0121,2025-09-30,Partner,Cancelled,0.10
ORD-00558,CUST-0046,2025-05-28,Online,Completed,0.10
ORD-00559,CUST-0039,2025-04-15,Partner,Returned,0.00
ORD-00560,CUST-0114,2025-11-27,Online,Completed,0.00
ORD-00561,CUST-0086,2025-07-30,Partner,Completed,0.25
ORD-00562,CUST-0078,2025-10-18,Online,Cancelled,0.10
ORD-00563,CUST-0074,2025-01-25,Online,Completed,0.15
ORD-00564,CUST-0047,2025-03-31,Partner,Completed,0.25
ORD-00565,CUST-0082,2025-10-22,Online,Completed,0.10
ORD-00566,CUST-0089,2025-03-17,Retail,Completed,0.05
ORD-00567,CUST-0082,2025-03-21,Online,Returned,0.20
ORD-00568,CUST-0114,2025-06-23,Partner,Completed,0.15
ORD-00569,CUST-0030,2025-06-07,Online,Completed,0.05
ORD-00570,CUST-0057,2025-05-23,Online,Completed,0.20
ORD-00571,CUST-0131,2025-01-29,Partner,Completed,0.05
ORD-00572,CUST-0115,2025-10-15,Online,Completed,0.15
ORD-00573,CUST-0023,2025-03-15,Online,Completed,0.20
ORD-00574,CUST-0070,2025-08-01,Online,Completed,0.25
ORD-00575,CUST-0142,2025-09-09,Online,Completed,0.10
ORD-00576,CUST-0040,2025-05-15,Retail,Returned,0.25
ORD-00577,CUST-0071,2025-09-10,Online,Completed,0.10
ORD-00578,CUST-0005,2025-05-13,Online,Completed,0.05
ORD-00579,CUST-0093,2025-08-03,Partner,Cancelled,0.10
ORD-00580,CUST-0136,2025-11-24,Online,Completed,0.25
ORD-00581,CUST-0081,2025-12-17,Retail,Completed,0.25
ORD-00582,CUST-0133,2025-05-25,Retail,Completed,0.15
ORD-00583,CUST-0049,2025-10-14,Partner,Completed,0.20
ORD-00584,CUST-0020,2025-03-01,Online,Cancelled,0.15
ORD-00585,CUST-0088,2025-03-30,Partner,Completed,0.25
ORD-00586,CUST-0037,2025-12-19,Online,Completed,0.05
ORD-00587,CUST-0005,2025-09-05,Retail,Completed,0.00
ORD-00588,CUST-0016,2025-08-29,Online,Returned,0.00
ORD-00589,CUST-0025,2025-03-05,Partner,Completed,0.05
ORD-00590,CUST-0072,2025-10-24,Retail,Completed,0.20
ORD-00591,CUST-0149,2025-01-08,Partner,Completed,0.05
ORD-00592,CUST-0122,2025-07-07,Partner,Completed,0.15
ORD-00593,CUST-0098,2025-08-06,Online,Completed,0.15
ORD-00594,CUST-0120,2025-02-26,Partner,Completed,0.10
ORD-00595,CUST-0099,2025-05-26,Retail,Completed,0.10
ORD-00596,CUST-0095,2025-04-02,Online,Returned,0.15
ORD-00597,CUST-0134,2025-12-04,Partner,Completed,0.05
ORD-00598,CUST-0052,2025-11-01,Retail,Completed,0.15
ORD-00599,CUST-0125,2025-09-19,Retail,Completed,0.15
ORD-00600,CUST-0126,2025-09-12,Online,Completed,0.05
ORD-00601,CUST-0018,2025-09-13,Partner,Completed,0.05
ORD-00602,CUST-0134,2025-09-10,Retail,Completed,0.25
ORD-00603,CUST-0111,2025-03-02,Retail,Completed,0.15
ORD-00604,CUST-0111,2025-03-10,Retail,Completed,0.15
ORD-00605,CUST-0142,2025-12-17,Partner,Completed,0.15
ORD-00606,CUST-0127,2025-10-30,Retail,Completed,0.10
ORD-00607,CUST-0094,2025-06-28,Partner,Completed,0.25
ORD-00608,CUST-0090,2025-01-29,Partner,Completed,0.05
ORD-00609,CUST-0044,2025-01-11,Partner,Completed,0.15
ORD-00610,CUST-0082,2025-07-13,Partner,Completed,0.20
ORD-00611,CUST-0053,2025-06-22,Retail,Completed,0.25
ORD-00612,CUST-0020,2025-10-02,Online,Completed,0.00
ORD-00613,CUST-0025,2025-10-31,Retail,Completed,0.20
ORD-00614,CUST-0139,2025-06-10,Online,Completed,0.10
ORD-00615,CUST-0120,2025-05-18,Partner,Completed,0.20
ORD-00616,CUST-0039,2025-12-17,Retail,Completed,0.15
ORD-00617,CUST-0066,2025-12-18,Partner,Completed,0.05
ORD-00618,CUST-0008,2025-05-06,Retail,Completed,0.20
ORD-00619,CUST-0072,2025-12-04,Partner,Completed,0.00
ORD-00620,CUST-0094,2025-12-10,Partner,Cancelled,0.15
ORD-00621,CUST-0031,2025-09-25,Partner,Completed,0.20
ORD-00622,CUST-0085,2025-10-27,Partner,Completed,0.25
ORD-00623,CUST-0045,2025-04-20,Retail,Completed,0.10
ORD-00624,CUST-0096,2025-12-25,Online,Completed,0.15
ORD-00625,CUST-0009,2025-12-06,Online,Completed,0.25
ORD-00626,CUST-0093,2025-12-17,Online,Completed,0.05
ORD-00627,CUST-0054,2025-03-24,Retail,Completed,0.25
ORD-00628,CUST-0026,2025-03-24,Partner,Completed,0.00
ORD-00629,CUST-0048,2025-11-19,Retail,Completed,0.05
ORD-00630,CUST-0079,2025-06-10,Partner,Completed,0.05
ORD-00631,CUST-0082,2025-08-20,Retail,Cancelled,0.05
ORD-00632,CUST-0107,2025-07-08,Online,Completed,0.15
ORD-00633,CUST-0059,2025-02-15,Retail,Completed,0.25
ORD-00634,CUST-0067,2025-03-18,Online,Returned,0.05
ORD-00635,CUST-0112,2025-08-21,Partner,Completed,0.05
ORD-00636,CUST-0098,2025-03-08,Retail,Cancelled,0.20
ORD-00637,CUST-0105,2025-03-16,Online,Completed,0.10
ORD-00638,CUST-0150,2025-12-17,Partner,Completed,0.00
ORD-00639,CUST-0019,2025-02-18,Partner,Completed,0.10
ORD-00640,CUST-0012,2025-01-03,Retail,Completed,0.15
ORD-00641,CUST-0046,2025-05-14,Online,Completed,0.10
ORD-00642,CUST-0081,2025-01-23,Online,Completed,0.10
ORD-00643,CUST-0081,2025-08-12,Online,Completed,0.15
ORD-00644,CUST-0039,2025-01-28,Online,Completed,0.15
ORD-00645,CUST-0114,2025-07-02,Partner,Completed,0.15
ORD-00646,CUST-0044,2025-09-18,Retail,Completed,0.25
ORD-00647,CUST-0047,2025-08-02,Online,Completed,0.15
ORD-00648,CUST-0073,2025-12-15,Partner,Completed,0.10
ORD-00649,CUST-0008,2025-02-11,Retail,Completed,0.25
ORD-00650,CUST-0146,2025-03-08,Online,Cancelled,0.25
ORD-00651,CUST-0024,2025-07-24,Retail,Completed,0.15
ORD-00652,CUST-0042,2025-07-18,Retail,Completed,0.25
ORD-00653,CUST-0080,2025-12-17,Partner,Completed,0.25
ORD-00654,CUST-0052,2025-09-08,Retail,Cancelled,0.15
ORD-00655,CUST-0048,2025-08-11,Partner,Completed,0.00
ORD-00656,CUST-0022,2025-05-29,Retail,Completed,0.15
ORD-00657,CUST-0076,2025-10-19,Online,Completed,0.00
ORD-00658,CUST-0106,2025-02-18,Retail,Completed,0.20
ORD-00659,CUST-0119,2025-04-02,Online,Completed,0.00
ORD-00660,CUST-0081,2025-10-28,Partner,Completed,0.25
ORD-00661,CUST-0067,2025-12-11,Online,Completed,0.00
ORD-00662,CUST-0004,2025-03-29,Partner,Completed,0.25
ORD-00663,CUST-0035,2025-01-08,Online,Completed,0.00
ORD-00664,CUST-0062,2025-08-12,Partner,Cancelled,0.20
ORD-00665,CUST-0122,2025-08-05,Online,Completed,0.05
ORD-00666,CUST-0146,2025-07-20,Online,Completed,0.00
ORD-00667,CUST-0132,2025-10-30,Partner,Completed,0.25
ORD-00668,CUST-0017,2025-05-18,Partner,Completed,0.15
ORD-00669,CUST-0089,2025-08-18,Partner,Completed,0.05
ORD-00670,CUST-0057,2025-10-28,Partner,Completed,0.20
ORD-00671,CUST-0054,2025-05-25,Partner,Completed,0.25
ORD-00672,CUST-0127,2025-06-05,Online,Completed,0.00
ORD-00673,CUST-0092,2025-12-13,Online,Completed,0.20
ORD-00674,CUST-0111,2025-02-28,Partner,Completed,0.20
ORD-00675,CUST-0012,2025-10-13,Retail,Cancelled,0.25
ORD-00676,CUST-0118,2025-02-26,Online,Completed,0.20
ORD-00677,CUST-0130,2025-02-23,Online,Completed,0.05
ORD-00678,CUST-0040,2025-11-28,Retail,Completed,0.05
ORD-00679,CUST-0107,2025-01-04,Online,Completed,0.15
ORD-00680,CUST-0107,2025-07-04,Partner,Completed,0.05
ORD-00681,CUST-0008,2025-08-15,Online,Completed,0.25
ORD-00682,CUST-0081,2025-07-25,Online,Completed,0.15
ORD-00683,CUST-0015,2025-11-20,Partner,Completed,0.20
ORD-00684,CUST-0003,2025-05-24,Partner,Completed,0.05
ORD-00685,CUST-0022,2025-01-19,Partner,Completed,0.25
ORD-00686,CUST-0024,2025-09-19,Partner,Completed,0.10
ORD-00687,CUST-0067,2025-05-04,Retail,Completed,0.20
ORD-00688,CUST-0067,2025-11-18,Partner,Completed,0.00
ORD-00689,CUST-0147,2025-01-03,Retail,Completed,0.05
ORD-00690,CUST-0036,2025-07-13,Partner,Completed,0.00
ORD-00691,CUST-0038,2025-08-06,Retail,Completed,0.00
ORD-00692,CUST-0144,2025-09-23,Retail,Cancelled,0.20
ORD-00693,CUST-0125,2025-08-23,Online,Returned,0.20
ORD-00694,CUST-0122,2025-01-17,Partner,Completed,0.20
ORD-00695,CUST-0075,2025-01-21,Partner,Completed,0.10
ORD-00696,CUST-0037,2025-10-29,Retail,Completed,0.10
ORD-00697,CUST-0090,2025-02-04,Online,Completed,0.20
ORD-00698,CUST-0034,2025-03-12,Partner,Completed,0.15
ORD-00699,CUST-0139,2025-01-24,Partner,Cancelled,0.25
ORD-00700,CUST-0032,2025-11-26,Partner,Completed,0.20
ORD-00701,CUST-0049,2025-09-01,Partner,Cancelled,0.00
ORD-00702,CUST-0149,2025-08-16,Online,Completed,0.20
ORD-00703,CUST-0112,2025-04-03,Retail,Completed,0.20
ORD-00704,CUST-0044,2025-05-27,Online,Completed,0.00
ORD-00705,CUST-0084,2025-04-03,Online,Completed,0.10
ORD-00706,CUST-0014,2025-04-14,Online,Completed,0.20
ORD-00707,CUST-0030,2025-05-18,Online,Completed,0.20
ORD-00708,CUST-0026,2025-05-07,Partner,Completed,0.05
ORD-00709,CUST-0037,2025-07-11,Partner,Returned,0.05
ORD-00710,CUST-0001,2025-01-31,Retail,Completed,0.10
ORD-00711,CUST-0018,2025-06-03,Online,Completed,0.00
ORD-00712,CUST-0130,2025-06-12,Partner,Cancelled,0.25
ORD-00713,CUST-0118,2025-11-03,Retail,Completed,0.25
ORD-00714,CUST-0045,2025-07-31,Partner,Cancelled,0.25
ORD-00715,CUST-0091,2025-07-12,Partner,Completed,0.05
ORD-00716,CUST-0095,2025-04-09,Retail,Completed,0.25
ORD-00717,CUST-0050,2025-02-16,Partner,Completed,0.25
ORD-00718,CUST-0072,2025-09-10,Partner,Cancelled,0.05
ORD-00719,CUST-0029,2025-05-23,Partner,Completed,0.05
ORD-00720,CUST-0033,2025-02-03,Online,Completed,0.20
ORD-00721,CUST-0137,2025-11-11,Retail,Completed,0.15
ORD-00722,CUST-0083,2025-08-10,Retail,Completed,0.25
ORD-00723,CUST-0137,2025-08-18,Retail,Completed,0.05
ORD-00724,CUST-0064,2025-04-11,Online,Completed,0.00
ORD-00725,CUST-0111,2025-01-13,Partner,Completed,0.10
ORD-00726,CUST-0086,2025-09-24,Online,Cancelled,0.20
ORD-00727,CUST-0017,2025-03-07,Online,Cancelled,0.15
ORD-00728,CUST-0111,2025-02-03,Online,Completed,0.20
ORD-00729,CUST-0103,2025-02-19,Partner,Completed,0.05
ORD-00730,CUST-0119,2025-08-08,Partner,Cancelled,0.10
ORD-00731,CUST-0085,2025-10-28,Online,Completed,0.00
ORD-00732,CUST-0147,2025-03-06,Partner,Completed,0.10
ORD-00733,CUST-0080,2025-10-27,Retail,Completed,0.25
ORD-00734,CUST-0080,2025-11-05,Retail,Completed,0.00
ORD-00735,CUST-0014,2025-08-05,Retail,Completed,0.05
ORD-00736,CUST-0120,2025-11-04,Partner,Completed,0.20
ORD-00737,CUST-0117,2025-01-22,Retail,Completed,0.00
ORD-00738,CUST-0062,2025-09-04,Partner,Completed,0.10
ORD-00739,CUST-0008,2025-10-12,Online,Completed,0.15
ORD-00740,CUST-0051,2025-04-12,Retail,Completed,0.10
ORD-00741,CUST-0051,2025-01-12,Online,Completed,0.00
ORD-00742,CUST-0029,2025-06-23,Online,Completed,0.05
ORD-00743,CUST-0031,2025-03-15,Online,Completed,0.05
ORD-00744,CUST-0138,2025-05-31,Online,Completed,0.00
ORD-00745,CUST-0017,2025-03-27,Partner,Completed,0.25
ORD-00746,CUST-0135,2025-12-22,Retail,Completed,0.15
ORD-00747,CUST-0061,2025-07-22,Online,Completed,0.15
ORD-00748,CUST-0035,2025-02-13,Retail,Completed,0.10
ORD-00749,CUST-0087,2025-08-07,Retail,Completed,0.15
ORD-00750,CUST-0114,2025-04-30,Retail,Completed,0.10
ORD-00751,CUST-0132,2025-10-07,Partner,Completed,0.10
ORD-00752,CUST-0010,2025-10-07,Online,Completed,0.25
ORD-00753,CUST-0140,2025-05-14,Online,Completed,0.10
ORD-00754,CUST-0102,2025-04-27,Online,Completed,0.05
ORD-00755,CUST-0049,2025-08-08,Partner,Completed,0.15
ORD-00756,CUST-0128,2025-12-04,Retail,Completed,0.15
ORD-00757,CUST-0036,2025-03-20,Retail,Completed,0.20
ORD-00758,CUST-0028,2025-06-18,Partner,Returned,0.25
ORD-00759,CUST-0126,2025-01-14,Online,Completed,0.15
ORD-00760,CUST-0015,2025-07-08,Partner,Completed,0.10
ORD-00761,CUST-0100,2025-04-16,Online,Cancelled,0.10
ORD-00762,CUST-0002,2025-03-15,Retail,Completed,0.15
ORD-00763,CUST-0118,2025-08-25,Partner,Completed,0.00
ORD-00764,CUST-0107,2025-05-08,Online,Cancelled,0.25
ORD-00765,CUST-0071,2025-11-18,Partner,Completed,0.00
ORD-00766,CUST-0095,2025-02-09,Online,Completed,0.10
ORD-00767,CUST-0019,2025-11-24,Partner,Completed,0.15
ORD-00768,CUST-0035,2025-06-17,Partner,Completed,0.15
ORD-00769,CUST-0042,2025-03-29,Online,Completed,0.05
ORD-00770,CUST-0070,2025-03-20,Retail,Completed,0.05
ORD-00771,CUST-0114,2025-12-23,Online,Completed,0.20
ORD-00772,CUST-0114,2025-01-27,Partner,Completed,0.15
ORD-00773,CUST-0024,2025-01-09,Retail,Completed,0.00
ORD-00774,CUST-0012,2025-08-01,Partner,Completed,0.10
ORD-00775,CUST-0031,2025-04-29,Online,Completed,0.10
ORD-00776,CUST-0100,2025-04-19,Retail,Completed,0.25
ORD-00777,CUST-0078,2025-11-03,Retail,Returned,0.00
ORD-00778,CUST-0100,2025-12-14,Partner,Completed,0.05
ORD-00779,CUST-0115,2025-07-15,Partner,Completed,0.05
ORD-00780,CUST-0032,2025-06-08,Online,Completed,0.05
ORD-00781,CUST-0096,2025-09-13,Retail,Completed,0.15
ORD-00782,CUST-0085,2025-03-10,Retail,Completed,0.00
ORD-00783,CUST-0014,2025-12-07,Online,Completed,0.25
ORD-00784,CUST-0047,2025-08-15,Partner,Completed,0.15
ORD-00785,CUST-0037,2025-04-15,Online,Completed,0.20
ORD-00786,CUST-0120,2025-06-09,Online,Completed,0.05
ORD-00787,CUST-0124,2025-02-10,Retail,Completed,0.05
ORD-00788,CUST-0110,2025-02-12,Retail,Completed,0.05
ORD-00789,CUST-0117,2025-05-26,Retail,Completed,0.15
ORD-00790,CUST-0121,2025-04-11,Online,Cancelled,0.00
ORD-00791,CUST-0126,2025-07-27,Retail,Cancelled,0.25
ORD-00792,CUST-0010,2025-03-05,Retail,Cancelled,0.05
ORD-00793,CUST-0126,2025-11-22,Partner,Completed,0.00
ORD-00794,CUST-0067,2025-11-06,Retail,Cancelled,0.05
ORD-00795,CUST-0099,2025-07-23,Partner,Completed,0.00
ORD-00796,CUST-0078,2025-09-14,Partner,Cancelled,0.15
ORD-00797,CUST-0069,2025-04-18,Partner,Completed,0.10
ORD-00798,CUST-0001,2025-02-19,Online,Completed,0.15
ORD-00799,CUST-0125,2025-04-04,Partner,Cancelled,0.15
ORD-00800,CUST-0050,2025-05-13,Retail,Completed,0.20
ORD-00801,CUST-0076,2025-02-13,Retail,Completed,0.00
ORD-00802,CUST-0003,2025-02-01,Retail,Completed,0.00
ORD-00803,CUST-0134,2025-01-04,Retail,Completed,0.10
ORD-00804,CUST-0093,2025-12-07,Retail,Completed,0.00
ORD-00805,CUST-0007,2025-11-05,Online,Cancelled,0.10
ORD-00806,CUST-0132,2025-07-31,Partner,Completed,0.25
ORD-00807,CUST-0125,2025-07-24,Partner,Completed,0.00
ORD-00808,CUST-0050,2025-03-15,Partner,Cancelled,0.25
ORD-00809,CUST-0023,2025-06-04,Partner,Returned,0.15
ORD-00810,CUST-0062,2025-05-05,Online,Completed,0.25
ORD-00811,CUST-0008,2025-03-24,Retail,Cancelled,0.10
ORD-00812,CUST-0137,2025-11-21,Partner,Completed,0.25
ORD-00813,CUST-0144,2025-08-12,Online,Completed,0.00
ORD-00814,CUST-0030,2025-10-21,Retail,Completed,0.10
ORD-00815,CUST-0109,2025-06-13,Retail,Completed,0.05
ORD-00816,CUST-0118,2025-06-11,Online,Completed,0.10
ORD-00817,CUST-0073,2025-03-16,Partner,Completed,0.25
ORD-00818,CUST-0080,2025-09-15,Partner,Completed,0.25
ORD-00819,CUST-0058,2025-12-25,Partner,Completed,0.05
ORD-00820,CUST-0122,2025-06-28,Retail,Completed,0.20
ORD-00821,CUST-0083,2025-10-25,Online,Completed,0.25
ORD-00822,CUST-0038,2025-04-18,Online,Completed,0.05
ORD-00823,CUST-0027,2025-12-14,Online,Completed,0.15
ORD-00824,CUST-0046,2025-01-27,Online,Returned,0.25
ORD-00825,CUST-0031,2025-05-04,Retail,Completed,0.25
ORD-00826,CUST-0071,2025-11-20,Partner,Completed,0.00
ORD-00827,CUST-0032,2025-09-08,Partner,Cancelled,0.20
ORD-00828,CUST-0123,2025-05-21,Partner,Completed,0.20
ORD-00829,CUST-0147,2025-03-06,Online,Completed,0.25
ORD-00830,CUST-0138,2025-09-29,Retail,Completed,0.20
ORD-00831,CUST-0047,2025-11-03,Partner,Completed,0.20
ORD-00832,CUST-0144,2025-05-12,Online,Completed,0.00
ORD-00833,CUST-0077,2025-01-24,Partner,Cancelled,0.10
ORD-00834,CUST-0131,2025-04-18,Partner,Completed,0.00
ORD-00835,CUST-0056,2025-03-10,Partner,Completed,0.20
ORD-00836,CUST-0067,2025-07-15,Partner,Cancelled,0.15
ORD-00837,CUST-0050,2025-07-10,Partner,Completed,0.20
ORD-00838,CUST-0098,2025-01-14,Partner,Completed,0.10
ORD-00839,CUST-0141,2025-07-28,Online,Completed,0.00
ORD-00840,CUST-0026,2025-07-13,Online,Completed,0.00
ORD-00841,CUST-0079,2025-10-29,Retail,Completed,0.10
ORD-00842,CUST-0100,2025-04-03,Retail,Completed,0.25
ORD-00843,CUST-0037,2025-07-13,Partner,Completed,0.00
ORD-00844,CUST-0120,2025-09-15,Retail,Completed,0.15
ORD-00845,CUST-0081,2025-02-16,Partner,Completed,0.25
ORD-00846,CUST-0022,2025-05-27,Partner,Cancelled,0.00
ORD-00847,CUST-0004,2025-11-12,Online,Cancelled,0.25
ORD-00848,CUST-0089,2025-05-06,Partner,Completed,0.20
ORD-00849,CUST-0044,2025-12-12,Partner,Cancelled,0.05
ORD-00850,CUST-0132,2025-06-30,Online,Completed,0.15
ORD-00851,CUST-0139,2025-03-02,Retail,Completed,0.10
ORD-00852,CUST-0010,2025-08-26,Partner,Completed,0.00
ORD-00853,CUST-0002,2025-06-29,Partner,Completed,0.10
ORD-00854,CUST-0126,2025-04-12,Online,Completed,0.05
ORD-00855,CUST-0096,2025-06-03,Retail,Completed,0.05
ORD-00856,CUST-0112,2025-01-03,Retail,Cancelled,0.25
ORD-00857,CUST-0035,2025-07-22,Retail,Completed,0.00
ORD-00858,CUST-0108,2025-09-08,Partner,Completed,0.25
ORD-00859,CUST-0034,2025-02-26,Online,Completed,0.05
ORD-00860,CUST-0014,2025-12-14,Retail,Completed,0.20
ORD-00861,CUST-0075,2025-05-25,Retail,Completed,0.15
ORD-00862,CUST-0064,2025-05-24,Online,Cancelled,0.25
ORD-00863,CUST-0129,2025-11-09,Online,Completed,0.20
ORD-00864,CUST-0010,2025-05-21,Online,Cancelled,0.15
ORD-00865,CUST-0024,2025-01-27,Retail,Completed,0.10
ORD-00866,CUST-0016,2025-09-19,Retail,Cancelled,0.10
ORD-00867,CUST-0072,2025-06-29,Partner,Completed,0.10
ORD-00868,CUST-0001,2025-01-27,Partner,Completed,0.05
ORD-00869,CUST-0126,2025-07-06,Retail,Completed,0.00
ORD-00870,CUST-0085,2025-07-04,Partner,Completed,0.25
ORD-00871,CUST-0028,2025-03-08,Partner,Completed,0.00
ORD-00872,CUST-0050,2025-12-27,Retail,Cancelled,0.00
ORD-00873,CUST-0033,2025-04-09,Retail,Completed,0.10
ORD-00874,CUST-0108,2025-09-26,Partner,Cancelled,0.05
ORD-00875,CUST-0102,2025-09-11,Partner,Completed,0.20
ORD-00876,CUST-0131,2025-07-16,Partner,Completed,0.15
ORD-00877,CUST-0003,2025-09-20,Retail,Completed,0.25
ORD-00878,CUST-0044,2025-04-25,Online,Completed,0.10
ORD-00879,CUST-0035,2025-05-19,Online,Completed,0.05
ORD-00880,CUST-0095,2025-06-16,Online,Cancelled,0.20
ORD-00881,CUST-0092,2025-04-23,Partner,Returned,0.05
ORD-00882,CUST-0142,2025-04-16,Retail,Completed,0.10
ORD-00883,CUST-0060,2025-08-11,Retail,Completed,0.15
ORD-00884,CUST-0118,2025-04-05,Online,Completed,0.15
ORD-00885,CUST-0046,2025-07-21,Partner,Completed,0.00
ORD-00886,CUST-0104,2025-02-21,Partner,Completed,0.25
ORD-00887,CUST-0097,2025-07-16,Online,Completed,0.00
ORD-00888,CUST-0022,2025-05-18,Online,Cancelled,0.20
ORD-00889,CUST-0139,2025-06-23,Partner,Completed,0.05
ORD-00890,CUST-0015,2025-10-06,Partner,Completed,0.20
ORD-00891,CUST-0027,2025-10-06,Retail,Completed,0.15
ORD-00892,CUST-0110,2025-07-17,Online,Completed,0.10
ORD-00893,CUST-0029,2025-04-25,Online,Returned,0.10
ORD-00894,CUST-0039,2025-04-02,Retail,Completed,0.20
ORD-00895,CUST-0074,2025-06-28,Online,Completed,0.15
ORD-00896,CUST-0038,2025-07-19,Retail,Completed,0.15
ORD-00897,CUST-0110,2025-05-23,Online,Completed,0.05
ORD-00898,CUST-0109,2025-09-04,Partner,Returned,0.20
ORD-00899,CUST-0138,2025-10-01,Retail,Completed,0.05
ORD-00900,CUST-0093,2025-01-02,Online,Returned,0.00
ORD-00901,CUST-0093,2025-03-13,Retail,Completed,0.20
ORD-00902,CUST-0007,2025-12-23,Retail,Completed,0.25
ORD-00903,CUST-0123,2025-11-01,Online,Completed,0.10
ORD-00904,CUST-0146,2025-08-02,Online,Completed,0.15
ORD-00905,CUST-0087,2025-08-16,Partner,Completed,0.10
ORD-00906,CUST-0009,2025-11-06,Online,Completed,0.00
ORD-00907,CUST-0109,2025-03-22,Retail,Returned,0.20
ORD-00908,CUST-0020,2025-12-21,Retail,Completed,0.25
ORD-00909,CUST-0027,2025-02-09,Retail,Completed,0.10
ORD-00910,CUST-0042,2025-10-05,Online,Completed,0.20
ORD-00911,CUST-0142,2025-04-14,Partner,Cancelled,0.05
ORD-00912,CUST-0013,2025-06-11,Online,Cancelled,0.00
ORD-00913,CUST-0092,2025-03-08,Partner,Completed,0.10
ORD-00914,CUST-0010,2025-05-29,Online,Completed,0.15
ORD-00915,CUST-0056,2025-12-15,Partner,Completed,0.25
ORD-00916,CUST-0088,2025-08-18,Online,Completed,0.10
ORD-00917,CUST-0146,2025-11-18,Retail,Completed,0.00
ORD-00918,CUST-0025,2025-08-21,Retail,Completed,0.10
ORD-00919,CUST-0091,2025-02-15,Online,Completed,0.15
ORD-00920,CUST-0125,2025-01-21,Retail,Cancelled,0.15
ORD-00921,CUST-0022,2025-12-16,Retail,Completed,0.10
ORD-00922,CUST-0063,2025-12-25,Partner,Completed,0.00
ORD-00923,CUST-0119,2025-12-09,Online,Completed,0.15
ORD-00924,CUST-0085,2025-02-03,Retail,Completed,0.20
ORD-00925,CUST-0121,2025-03-16,Partner,Completed,0.20
ORD-00926,CUST-0016,2025-07-05,Retail,Returned,0.05
ORD-00927,CUST-0109,2025-05-19,Retail,Completed,0.00
ORD-00928,CUST-0077,2025-08-20,Retail,Completed,0.25
ORD-00929,CUST-0043,2025-04-12,Retail,Cancelled,0.15
ORD-00930,CUST-0051,2025-02-09,Partner,Completed,0.20
ORD-00931,CUST-0118,2025-03-17,Retail,Cancelled,0.00
ORD-00932,CUST-0010,2025-04-22,Partner,Returned,0.15
ORD-00933,CUST-0054,2025-04-08,Partner,Completed,0.00
ORD-00934,CUST-0128,2025-11-29,Retail,Completed,0.10
ORD-00935,CUST-0118,2025-08-08,Retail,Completed,0.20
ORD-00936,CUST-0112,2025-11-21,Retail,Completed,0.00
ORD-00937,CUST-0005,2025-11-12,Retail,Completed,0.25
ORD-00938,CUST-0149,2025-01-17,Partner,Completed,0.15
ORD-00939,CUST-0030,2025-04-11,Retail,Returned,0.10
ORD-00940,CUST-0068,2025-06-07,Retail,Completed,0.00
ORD-00941,CUST-0086,2025-03-29,Partner,Returned,0.05
ORD-00942,CUST-0082,2025-09-22,Online,Completed,0.00
ORD-00943,CUST-0067,2025-10-11,Online,Cancelled,0.05
ORD-00944,CUST-0112,2025-01-06,Partner,Completed,0.05
ORD-00945,CUST-0021,2025-10-20,Retail,Completed,0.25
ORD-00946,CUST-0057,2025-06-02,Online,Completed,0.05
ORD-00947,CUST-0029,2025-08-24,Partner,Completed,0.05
ORD-00948,CUST-0054,2025-07-20,Online,Completed,0.00
ORD-00949,CUST-0042,2025-04-03,Retail,Completed,0.05
ORD-00950,CUST-0089,2025-09-05,Partner,Completed,0.00
ORD-00951,CUST-0008,2025-10-02,Online,Completed,0.05
ORD-00952,CUST-0084,2025-03-12,Online,Completed,0.25
ORD-00953,CUST-0024,2025-06-28,Partner,Completed,0.10
ORD-00954,CUST-0072,2025-07-21,Online,Completed,0.20
ORD-00955,CUST-0070,2025-06-13,Partner,Completed,0.15
ORD-00956,CUST-0131,2025-05-10,Partner,Completed,0.20
ORD-00957,CUST-0048,2025-07-03,Online,Completed,0.25
ORD-00958,CUST-0003,2025-06-18,Online,Completed,0.10
ORD-00959,CUST-0055,2025-09-27,Online,Completed,0.10
ORD-00960,CUST-0112,2025-06-12,Retail,Completed,0.00
ORD-00961,CUST-0084,2025-10-30,Retail,Completed,0.00
ORD-00962,CUST-0104,2025-01-19,Partner,Cancelled,0.00
ORD-00963,CUST-0071,2025-06-12,Retail,Completed,0.20
ORD-00964,CUST-0032,2025-07-11,Partner,Completed,0.05
ORD-00965,CUST-0027,2025-06-15,Partner,Completed,0.05
ORD-00966,CUST-0002,2025-12-19,Online,Completed,0.00
ORD-00967,CUST-0020,2025-05-16,Retail,Completed,0.15
ORD-00968,CUST-0038,2025-10-27,Retail,Completed,0.25
ORD-00969,CUST-0062,2025-10-23,Retail,Completed,0.10
ORD-00970,CUST-0091,2025-10-13,Online,Completed,0.25
ORD-00971,CUST-0055,2025-01-07,Partner,Completed,0.15
ORD-00972,CUST-0136,2025-09-21,Retail,Completed,0.10
ORD-00973,CUST-0132,2025-04-14,Retail,Completed,0.10
ORD-00974,CUST-0005,2025-08-24,Online,Completed,0.15
ORD-00975,CUST-0102,2025-09-15,Retail,Completed,0.00
ORD-00976,CUST-0049,2025-07-26,Online,Completed,0.20
ORD-00977,CUST-0014,2025-01-19,Partner,Completed,0.00
ORD-00978,CUST-0104,2025-07-20,Retail,Completed,0.25
ORD-00979,CUST-0074,2025-01-02,Online,Completed,0.25
ORD-00980,CUST-0117,2025-03-14,Online,Completed,0.15
ORD-00981,CUST-0091,2025-08-31,Partner,Completed,0.05
ORD-00982,CUST-0038,2025-02-18,Online,Completed,0.25
ORD-00983,CUST-0065,2025-07-06,Retail,Completed,0.10
ORD-00984,CUST-0006,2025-03-17,Retail,Cancelled,0.25
ORD-00985,CUST-0148,2025-12-23,Retail,Completed,0.25
ORD-00986,CUST-0028,2025-05-21,Partner,Completed,0.15
ORD-00987,CUST-0107,2025-05-22,Retail,Completed,0.20
ORD-00988,CUST-0074,2025-02-26,Online,Completed,0.25
ORD-00989,CUST-0143,2025-12-07,Online,Completed,0.10
ORD-00990,CUST-0117,2025-01-21,Online,Completed,0.20
ORD-00991,CUST-0079,2025-01-03,Retail,Completed,0.00
ORD-00992,CUST-0090,2025-05-26,Partner,Completed,0.20
ORD-00993,CUST-0111,2025-10-27,Online,Completed,0.00
ORD-00994,CUST-0080,2025-03-30,Partner,Completed,0.10
ORD-00995,CUST-0142,2025-04-13,Retail,Completed,0.10
ORD-00996,CUST-0081,2025-09-15,Partner,Cancelled,0.15
ORD-00997,CUST-0144,2025-01-14,Retail,Completed,0.05
ORD-00998,CUST-0140,2025-10-17,Retail,Completed,0.15
ORD-00999,CUST-0118,2025-01-28,Online,Completed,0.25
ORD-01000,CUST-0025,2025-05-29,Partner,Completed,0.10
ORD-01001,CUST-0131,2025-01-28,Partner,Completed,0.05
ORD-01002,CUST-0052,2025-02-28,Online,Completed,0.20
ORD-01003,CUST-0064,2025-04-15,Online,Completed,0.20
ORD-01004,CUST-0140,2025-05-14,Partner,Completed,0.25
ORD-01005,CUST-0006,2025-04-05,Online,Completed,0.25
ORD-01006,CUST-0122,2025-09-03,Retail,Completed,0.00
ORD-01007,CUST-0038,2025-01-15,Retail,Completed,0.20
ORD-01008,CUST-0036,2025-08-28,Partner,Completed,0.00
ORD-01009,CUST-0090,2025-09-26,Retail,Completed,0.05
ORD-01010,CUST-0036,2025-05-23,Partner,Completed,0.15
ORD-01011,CUST-0121,2025-11-07,Partner,Completed,0.25
ORD-01012,CUST-0018,2025-01-24,Online,Cancelled,0.05
ORD-01013,CUST-0083,2025-04-29,Partner,Completed,0.00
ORD-01014,CUST-0065,2025-02-28,Online,Completed,0.00
ORD-01015,CUST-0147,2025-10-12,Online,Completed,0.15
ORD-01016,CUST-0150,2025-01-13,Partner,Returned,0.00
ORD-01017,CUST-0105,2025-10-18,Partner,Cancelled,0.10
ORD-01018,CUST-0147,2025-08-31,Partner,Completed,0.20
ORD-01019,CUST-0019,2025-10-19,Online,Completed,0.20
ORD-01020,CUST-0139,2025-06-19,Online,Completed,0.10
ORD-01021,CUST-0137,2025-10-22,Online,Cancelled,0.20
ORD-01022,CUST-0068,2025-12-01,Online,Completed,0.15
ORD-01023,CUST-0085,2025-12-06,Online,Completed,0.00
ORD-01024,CUST-0107,2025-11-03,Partner,Completed,0.00
ORD-01025,CUST-0090,2025-08-09,Retail,Completed,0.05
ORD-01026,CUST-0051,2025-10-01,Partner,Cancelled,0.25
ORD-01027,CUST-0014,2025-07-18,Retail,Completed,0.15
ORD-01028,CUST-0050,2025-06-25,Retail,Cancelled,0.05
ORD-01029,CUST-0106,2025-10-02,Partner,Completed,0.00
ORD-01030,CUST-0113,2025-04-03,Retail,Completed,0.10
ORD-01031,CUST-0123,2025-12-03,Online,Completed,0.00
ORD-01032,CUST-0078,2025-07-07,Partner,Completed,0.25
ORD-01033,CUST-0129,2025-02-23,Online,Completed,0.15
ORD-01034,CUST-0054,2025-03-04,Retail,Completed,0.05
ORD-01035,CUST-0117,2025-02-28,Online,Completed,0.00
ORD-01036,CUST-0072,2025-11-09,Retail,Completed,0.15
ORD-01037,CUST-0014,2025-12-05,Retail,Completed,0.10
ORD-01038,CUST-0068,2025-10-30,Online,Completed,0.10
ORD-01039,CUST-0147,2025-10-18,Partner,Completed,0.15
ORD-01040,CUST-0076,2025-06-22,Partner,Completed,0.20
ORD-01041,CUST-0079,2025-10-19,Partner,Completed,0.10
ORD-01042,CUST-0003,2025-08-27,Online,Returned,0.15
ORD-01043,CUST-0071,2025-11-09,Partner,Completed,0.00
ORD-01044,CUST-0038,2025-11-13,Partner,Completed,0.00
ORD-01045,CUST-0113,2025-10-24,Retail,Completed,0.25
ORD-01046,CUST-0091,2025-10-04,Partner,Completed,0.05
ORD-01047,CUST-0020,2025-05-02,Online,Completed,0.10
ORD-01048,CUST-0086,2025-07-28,Partner,Completed,0.10
ORD-01049,CUST-0012,2025-05-29,Online,Cancelled,0.00
ORD-01050,CUST-0081,2025-09-19,Partner,Cancelled,0.20
ORD-01051,CUST-0020,2025-04-25,Partner,Completed,0.20
ORD-01052,CUST-0113,2025-06-12,Retail,Completed,0.20
ORD-01053,CUST-0081,2025-03-01,Partner,Completed,0.25
ORD-01054,CUST-0059,2025-08-18,Retail,Completed,0.05
ORD-01055,CUST-0067,2025-05-27,Retail,Completed,0.00
ORD-01056,CUST-0043,2025-03-03,Retail,Completed,0.20
ORD-01057,CUST-0132,2025-09-29,Retail,Cancelled,0.10
ORD-01058,CUST-0031,2025-06-22,Retail,Completed,0.20
ORD-01059,CUST-0091,2025-08-18,Retail,Completed,0.25
ORD-01060,CUST-0002,2025-10-31,Partner,Completed,0.25
ORD-01061,CUST-0060,2025-06-02,Retail,Completed,0.20
ORD-01062,CUST-0111,2025-09-23,Retail,Completed,0.20
ORD-01063,CUST-0071,2025-09-07,Retail,Completed,0.05
ORD-01064,CUST-0053,2025-10-10,Partner,Completed,0.00
ORD-01065,CUST-0050,2025-01-04,Retail,Completed,0.00
ORD-01066,CUST-0117,2025-06-01,Online,Completed,0.00
ORD-01067,CUST-0021,2025-04-24,Partner,Completed,0.05
ORD-01068,CUST-0111,2025-02-21,Partner,Completed,0.10
ORD-01069,CUST-0036,2025-10-28,Retail,Cancelled,0.05
ORD-01070,CUST-0048,2025-09-12,Retail,Completed,0.25
ORD-01071,CUST-0001,2025-08-11,Online,Completed,0.20
ORD-01072,CUST-0098,2025-11-20,Partner,Completed,0.10
ORD-01073,CUST-0092,2025-10-06,Retail,Completed,0.05
ORD-01074,CUST-0115,2025-06-16,Online,Completed,0.00
ORD-01075,CUST-0102,2025-12-27,Online,Completed,0.15
ORD-01076,CUST-0105,2025-02-01,Partner,Completed,0.10
ORD-01077,CUST-0014,2025-05-18,Retail,Completed,0.10
ORD-01078,CUST-0105,2025-04-24,Partner,Cancelled,0.20
ORD-01079,CUST-0139,2025-01-11,Partner,Completed,0.15
ORD-01080,CUST-0142,2025-02-02,Partner,Completed,0.05
ORD-01081,CUST-0075,2025-03-24,Retail,Completed,0.05
ORD-01082,CUST-0027,2025-09-14,Retail,Completed,0.00
ORD-01083,CUST-0064,2025-01-18,Retail,Completed,0.15
ORD-01084,CUST-0004,2025-10-05,Partner,Cancelled,0.00
ORD-01085,CUST-0118,2025-04-14,Online,Completed,0.25
ORD-01086,CUST-0124,2025-05-26,Partner,Completed,0.05
ORD-01087,CUST-0148,2025-01-13,Retail,Completed,0.15
ORD-01088,CUST-0022,2025-02-18,Partner,Completed,0.15
ORD-01089,CUST-0122,2025-09-25,Partner,Completed,0.05
ORD-01090,CUST-0106,2025-06-09,Partner,Completed,0.05
ORD-01091,CUST-0105,2025-01-03,Retail,Completed,0.20
ORD-01092,CUST-0143,2025-02-11,Online,Completed,0.00
ORD-01093,CUST-0030,2025-01-20,Retail,Completed,0.25
ORD-01094,CUST-0076,2025-12-13,Retail,Completed,0.20
ORD-01095,CUST-0096,2025-09-23,Partner,Completed,0.15
ORD-01096,CUST-0122,2025-01-06,Retail,Completed,0.05
ORD-01097,CUST-0085,2025-02-18,Online,Completed,0.20
ORD-01098,CUST-0089,2025-11-18,Online,Cancelled,0.10
ORD-01099,CUST-0066,2025-10-15,Partner,Completed,0.05
ORD-01100,CUST-0027,2025-04-21,Retail,Completed,0.20
ORD-01101,CUST-0099,2025-06-19,Partner,Completed,0.20
ORD-01102,CUST-0056,2025-02-16,Partner,Completed,0.05
ORD-01103,CUST-0121,2025-06-17,Retail,Completed,0.00
ORD-01104,CUST-0122,2025-07-01,Retail,Completed,0.10
ORD-01105,CUST-0043,2025-11-21,Retail,Completed,0.15
ORD-01106,CUST-0120,2025-12-10,Retail,Completed,0.05
ORD-01107,CUST-0051,2025-08-15,Retail,Completed,0.00
ORD-01108,CUST-0070,2025-01-18,Partner,Completed,0.15
ORD-01109,CUST-0117,2025-09-09,Online,Completed,0.25
ORD-01110,CUST-0008,2025-11-10,Partner,Completed,0.25
ORD-01111,CUST-0015,2025-08-16,Partner,Completed,0.10
ORD-01112,CUST-0050,2025-12-02,Partner,Completed,0.10
ORD-01113,CUST-0107,2025-12-08,Partner,Completed,0.05
ORD-01114,CUST-0012,2025-05-22,Partner,Completed,0.20
ORD-01115,CUST-0120,2025-10-18,Partner,Completed,0.15
ORD-01116,CUST-0047,2025-02-14,Online,Completed,0.25
ORD-01117,CUST-0056,2025-11-23,Retail,Completed,0.25
ORD-01118,CUST-0014,2025-07-14,Partner,Completed,0.10
ORD-01119,CUST-0049,2025-05-20,Online,Completed,0.10
ORD-01120,CUST-0094,2025-06-28,Partner,Completed,0.25
ORD-01121,CUST-0138,2025-10-19,Online,Returned,0.15
ORD-01122,CUST-0024,2025-09-20,Online,Completed,0.15
ORD-01123,CUST-0120,2025-10-28,Retail,Completed,0.15
ORD-01124,CUST-0092,2025-01-05,Online,Completed,0.10
ORD-01125,CUST-0140,2025-04-06,Online,Completed,0.20
ORD-01126,CUST-0087,2025-09-05,Partner,Completed,0.00
ORD-01127,CUST-0069,2025-10-23,Retail,Completed,0.05
ORD-01128,CUST-0036,2025-03-08,Partner,Completed,0.00
ORD-01129,CUST-0089,2025-08-23,Retail,Completed,0.00
ORD-01130,CUST-0021,2025-04-05,Online,Cancelled,0.15
ORD-01131,CUST-0143,2025-07-11,Online,Completed,0.10
ORD-01132,CUST-0101,2025-12-24,Online,Cancelled,0.25
ORD-01133,CUST-0084,2025-05-25,Partner,Completed,0.15
ORD-01134,CUST-0046,2025-05-01,Retail,Completed,0.20
ORD-01135,CUST-0102,2025-02-09,Partner,Completed,0.15
ORD-01136,CUST-0024,2025-06-23,Retail,Completed,0.15
ORD-01137,CUST-0009,2025-05-14,Retail,Completed,0.15
ORD-01138,CUST-0089,2025-12-18,Partner,Completed,0.15
ORD-01139,CUST-0033,2025-10-22,Partner,Completed,0.15
ORD-01140,CUST-0109,2025-01-28,Retail,Completed,0.25
ORD-01141,CUST-0129,2025-07-10,Retail,Cancelled,0.20
ORD-01142,CUST-0039,2025-01-04,Retail,Cancelled,0.25
ORD-01143,CUST-0073,2025-01-21,Online,Cancelled,0.15
ORD-01144,CUST-0007,2025-10-05,Retail,Completed,0.10
ORD-01145,CUST-0010,2025-09-30,Partner,Completed,0.05
ORD-01146,CUST-0033,2025-03-16,Partner,Completed,0.10
ORD-01147,CUST-0020,2025-06-17,Retail,Completed,0.20
ORD-01148,CUST-0021,2025-06-22,Partner,Completed,0.15
ORD-01149,CUST-0067,2025-06-05,Partner,Completed,0.05
ORD-01150,CUST-0122,2025-04-21,Retail,Completed,0.25
ORD-01151,CUST-0103,2025-04-03,Partner,Completed,0.00
ORD-01152,CUST-0082,2025-02-19,Online,Completed,0.25
ORD-01153,CUST-0108,2025-11-22,Partner,Completed,0.15
ORD-01154,CUST-0119,2025-09-13,Online,Completed,0.05
ORD-01155,CUST-0054,2025-09-29,Retail,Completed,0.10
ORD-01156,CUST-0107,2025-01-12,Retail,Completed,0.15
ORD-01157,CUST-0032,2025-02-19,Retail,Completed,0.00
ORD-01158,CUST-0056,2025-08-03,Partner,Completed,0.10
ORD-01159,CUST-0138,2025-09-30,Retail,Completed,0.15
ORD-01160,CUST-0137,2025-06-21,Retail,Completed,0.25
ORD-01161,CUST-0108,2025-08-03,Retail,Completed,0.00
ORD-01162,CUST-0147,2025-07-29,Online,Completed,0.05
ORD-01163,CUST-0006,2025-11-04,Partner,Completed,0.20
ORD-01164,CUST-0045,2025-08-30,Partner,Returned,0.10
ORD-01165,CUST-0148,2025-08-25,Retail,Completed,0.20
ORD-01166,CUST-0063,2025-08-25,Partner,Returned,0.00
ORD-01167,CUST-0121,2025-07-17,Online,Cancelled,0.10
ORD-01168,CUST-0007,2025-08-13,Retail,Completed,0.00
ORD-01169,CUST-0110,2025-03-05,Online,Completed,0.10
ORD-01170,CUST-0106,2025-12-03,Retail,Completed,0.05
ORD-01171,CUST-0067,2025-06-25,Retail,Completed,0.10
ORD-01172,CUST-0007,2025-04-24,Retail,Completed,0.25
ORD-01173,CUST-0040,2025-12-22,Online,Completed,0.10
ORD-01174,CUST-0004,2025-05-13,Retail,Completed,0.25
ORD-01175,CUST-0096,2025-07-13,Retail,Completed,0.20
ORD-01176,CUST-0053,2025-04-25,Online,Completed,0.25
ORD-01177,CUST-0128,2025-08-24,Partner,Cancelled,0.00
ORD-01178,CUST-0026,2025-06-18,Partner,Completed,0.20
ORD-01179,CUST-0146,2025-09-25,Online,Completed,0.25
ORD-01180,CUST-0011,2025-11-08,Retail,Completed,0.00
ORD-01181,CUST-0016,2025-04-17,Online,Completed,0.20
ORD-01182,CUST-0030,2025-08-15,Online,Completed,0.00
ORD-01183,CUST-0003,2025-10-25,Retail,Cancelled,0.00
ORD-01184,CUST-0127,2025-11-20,Online,Completed,0.15
ORD-01185,CUST-0144,2025-09-15,Retail,Cancelled,0.00
ORD-01186,CUST-0121,2025-09-11,Online,Completed,0.15
ORD-01187,CUST-0028,2025-04-29,Online,Completed,0.10
ORD-01188,CUST-0147,2025-12-11,Online,Completed,0.05
ORD-01189,CUST-0069,2025-04-28,Retail,Completed,0.10
ORD-01190,CUST-0079,2025-08-06,Partner,Completed,0.15
ORD-01191,CUST-0105,2025-07-01,Partner,Completed,0.15
ORD-01192,CUST-0007,2025-06-14,Retail,Completed,0.10
ORD-01193,CUST-0028,2025-02-08,Online,Completed,0.25
ORD-01194,CUST-0097,2025-01-31,Online,Completed,0.10
ORD-01195,CUST-0035,2025-02-07,Retail,Returned,0.25
ORD-01196,CUST-0084,2025-10-21,Partner,Completed,0.10
ORD-01197,CUST-0055,2025-04-05,Retail,Completed,0.15
ORD-01198,CUST-0036,2025-03-03,Partner,Completed,0.15
ORD-01199,CUST-0009,2025-09-16,Retail,Completed,0.15
ORD-01200,CUST-0143,2025-02-27,Partner,Completed,0.20
ORD-01201,CUST-0049,2025-02-07,Partner,Completed,0.10
ORD-01202,CUST-0136,2025-12-21,Partner,Completed,0.15
ORD-01203,CUST-0076,2025-01-04,Partner,Completed,0.00
ORD-01204,CUST-0110,2025-03-19,Retail,Cancelled,0.20
ORD-01205,CUST-0040,2025-04-07,Online,Completed,0.05
ORD-01206,CUST-0011,2025-03-07,Partner,Completed,0.00
ORD-01207,CUST-0109,2025-05-19,Online,Cancelled,0.05
ORD-01208,CUST-0114,2025-04-17,Retail,Completed,0.15
ORD-01209,CUST-0133,2025-03-04,Online,Completed,0.00
ORD-01210,CUST-0093,2025-09-02,Retail,Completed,0.15
ORD-01211,CUST-0108,2025-07-24,Online,Completed,0.10
ORD-01212,CUST-0059,2025-12-26,Online,Completed,0.15
ORD-01213,CUST-0003,2025-03-07,Partner,Completed,0.25
ORD-01214,CUST-0108,2025-03-30,Online,Cancelled,0.05
ORD-01215,CUST-0128,2025-04-15,Retail,Completed,0.10
ORD-01216,CUST-0121,2025-01-18,Partner,Cancelled,0.15
ORD-01217,CUST-0135,2025-03-28,Online,Completed,0.10
ORD-01218,CUST-0122,2025-08-26,Retail,Cancelled,0.20
ORD-01219,CUST-0139,2025-07-07,Partner,Completed,0.00
ORD-01220,CUST-0058,2025-12-04,Online,Completed,0.25
ORD-01221,CUST-0119,2025-12-09,Partner,Completed,0.20
ORD-01222,CUST-0009,2025-07-17,Partner,Completed,0.05
ORD-01223,CUST-0042,2025-07-23,Retail,Completed,0.15
ORD-01224,CUST-0140,2025-08-14,Online,Completed,0.25
ORD-01225,CUST-0117,2025-12-06,Online,Completed,0.10
ORD-01226,CUST-0025,2025-04-27,Retail,Completed,0.00
ORD-01227,CUST-0022,2025-09-16,Online,Completed,0.20
ORD-01228,CUST-0091,2025-09-27,Partner,Completed,0.20
ORD-01229,CUST-0139,2025-04-28,Partner,Cancelled,0.20
ORD-01230,CUST-0058,2025-03-19,Partner,Cancelled,0.20
ORD-01231,CUST-0122,2025-08-28,Retail,Completed,0.10
ORD-01232,CUST-0143,2025-12-09,Retail,Completed,0.25
ORD-01233,CUST-0036,2025-03-15,Retail,Completed,0.05
ORD-01234,CUST-0071,2025-03-13,Retail,Completed,0.25
ORD-01235,CUST-0084,2025-01-06,Partner,Completed,0.10
ORD-01236,CUST-0060,2025-12-05,Retail,Completed,0.00
ORD-01237,CUST-0120,2025-08-07,Partner,Completed,0.25
ORD-01238,CUST-0062,2025-12-07,Retail,Completed,0.15
ORD-01239,CUST-0065,2025-07-02,Online,Completed,0.25
ORD-01240,CUST-0125,2025-10-15,Partner,Completed,0.15
ORD-01241,CUST-0108,2025-07-21,Partner,Cancelled,0.10
ORD-01242,CUST-0146,2025-04-03,Online,Completed,0.10
ORD-01243,CUST-0008,2025-08-22,Retail,Completed,0.25
ORD-01244,CUST-0118,2025-12-24,Partner,Completed,0.05
ORD-01245,CUST-0090,2025-03-30,Retail,Cancelled,0.10
ORD-01246,CUST-0024,2025-11-24,Retail,Completed,0.15
ORD-01247,CUST-0090,2025-06-22,Retail,Cancelled,0.05
ORD-01248,CUST-0149,2025-06-08,Partner,Completed,0.20
ORD-01249,CUST-0051,2025-02-17,Online,Completed,0.25
ORD-01250,CUST-0076,2025-11-11,Partner,Returned,0.10
ORD-01251,CUST-0040,2025-12-08,Retail,Completed,0.05
ORD-01252,CUST-0038,2025-01-07,Retail,Completed,0.00
ORD-01253,CUST-0103,2025-11-18,Partner,Cancelled,0.15
ORD-01254,CUST-0082,2025-10-04,Retail,Completed,0.25
ORD-01255,CUST-0033,2025-02-19,Partner,Completed,0.20
ORD-01256,CUST-0069,2025-10-22,Online,Completed,0.15
ORD-01257,CUST-0015,2025-06-27,Retail,Cancelled,0.05
ORD-01258,CUST-0071,2025-10-19,Retail,Cancelled,0.25
ORD-01259,CUST-0111,2025-12-27,Online,Returned,0.05
ORD-01260,CUST-0037,2025-10-04,Partner,Completed,0.00
ORD-01261,CUST-0031,2025-02-06,Partner,Completed,0.15
ORD-01262,CUST-0047,2025-01-16,Partner,Cancelled,0.25
ORD-01263,CUST-0025,2025-07-26,Partner,Cancelled,0.25
ORD-01264,CUST-0091,2025-04-01,Partner,Completed,0.10
ORD-01265,CUST-0087,2025-08-20,Online,Completed,0.00
ORD-01266,CUST-0096,2025-02-18,Online,Completed,0.20
ORD-01267,CUST-0099,2025-06-06,Online,Completed,0.20
ORD-01268,CUST-0138,2025-04-22,Retail,Completed,0.25
ORD-01269,CUST-0113,2025-04-01,Partner,Completed,0.15
ORD-01270,CUST-0138,2025-03-03,Retail,Cancelled,0.00
ORD-01271,CUST-0050,2025-11-05,Online,Returned,0.10
ORD-01272,CUST-0094,2025-03-14,Online,Returned,0.15
ORD-01273,CUST-0123,2025-12-04,Partner,Completed,0.20
ORD-01274,CUST-0083,2025-09-27,Partner,Completed,0.20
ORD-01275,CUST-0110,2025-07-26,Retail,Completed,0.15
ORD-01276,CUST-0083,2025-10-15,Retail,Completed,0.10
ORD-01277,CUST-0147,2025-10-05,Online,Completed,0.25
ORD-01278,CUST-0013,2025-06-05,Retail,Completed,0.20
ORD-01279,CUST-0135,2025-04-02,Partner,Completed,0.25
ORD-01280,CUST-0118,2025-04-06,Online,Completed,0.00
ORD-01281,CUST-0004,2025-01-24,Retail,Completed,0.25
ORD-01282,CUST-0062,2025-12-04,Retail,Returned,0.15
ORD-01283,CUST-0037,2025-11-03,Online,Completed,0.10
ORD-01284,CUST-0097,2025-05-23,Online,Completed,0.15
ORD-01285,CUST-0058,2025-02-06,Partner,Completed,0.05
ORD-01286,CUST-0138,2025-05-27,Retail,Cancelled,0.10
ORD-01287,CUST-0052,2025-02-14,Partner,Completed,0.05
ORD-01288,CUST-0028,2025-02-27,Online,Completed,0.15
ORD-01289,CUST-0095,2025-08-13,Partner,Completed,0.20
ORD-01290,CUST-0054,2025-06-12,Online,Completed,0.05
ORD-01291,CUST-0101,2025-07-14,Online,Cancelled,0.20
ORD-01292,CUST-0050,2025-06-21,Partner,Completed,0.00
ORD-01293,CUST-0082,2025-01-30,Online,Completed,0.15
ORD-01294,CUST-0083,2025-07-09,Online,Completed,0.00
ORD-01295,CUST-0015,2025-07-18,Partner,Completed,0.05
ORD-01296,CUST-0019,2025-01-11,Partner,Completed,0.15
ORD-01297,CUST-0117,2025-09-03,Online,Completed,0.10
ORD-01298,CUST-0066,2025-03-24,Retail,Completed,0.15
ORD-01299,CUST-0103,2025-03-06,Partner,Completed,0.15
ORD-01300,CUST-0084,2025-12-07,Retail,Completed,0.20
ORD-01301,CUST-0050,2025-12-04,Partner,Completed,0.15
ORD-01302,CUST-0116,2025-06-03,Partner,Completed,0.05
ORD-01303,CUST-0133,2025-08-10,Online,Returned,0.00
ORD-01304,CUST-0145,2025-03-21,Partner,Completed,0.05
ORD-01305,CUST-0034,2025-09-07,Retail,Completed,0.20
ORD-01306,CUST-0022,2025-01-11,Online,Cancelled,0.00
ORD-01307,CUST-0079,2025-02-03,Retail,Completed,0.10
ORD-01308,CUST-0039,2025-03-25,Retail,Completed,0.20
ORD-01309,CUST-0114,2025-02-19,Online,Completed,0.15
ORD-01310,CUST-0147,2025-04-04,Retail,Cancelled,0.15
ORD-01311,CUST-0077,2025-12-13,Retail,Cancelled,0.00
ORD-01312,CUST-0127,2025-01-09,Partner,Cancelled,0.15
ORD-01313,CUST-0072,2025-09-24,Online,Completed,0.05
ORD-01314,CUST-0068,2025-08-18,Retail,Completed,0.10
ORD-01315,CUST-0005,2025-06-04,Retail,Completed,0.15
ORD-01316,CUST-0105,2025-06-25,Online,Cancelled,0.25
ORD-01317,CUST-0116,2025-12-10,Online,Completed,0.10
ORD-01318,CUST-0028,2025-05-05,Online,Completed,0.00
ORD-01319,CUST-0003,2025-01-07,Partner,Completed,0.20
ORD-01320,CUST-0118,2025-11-20,Retail,Completed,0.00
ORD-01321,CUST-0052,2025-02-11,Online,Completed,0.00
ORD-01322,CUST-0054,2025-01-26,Partner,Completed,0.10
ORD-01323,CUST-0048,2025-08-29,Retail,Completed,0.20
ORD-01324,CUST-0130,2025-01-04,Online,Completed,0.05
ORD-01325,CUST-0048,2025-06-14,Online,Completed,0.25
ORD-01326,CUST-0065,2025-06-26,Partner,Completed,0.00
ORD-01327,CUST-0089,2025-01-31,Partner,Completed,0.15
ORD-01328,CUST-0023,2025-06-13,Partner,Completed,0.10
ORD-01329,CUST-0082,2025-08-19,Retail,Cancelled,0.15
ORD-01330,CUST-0059,2025-10-28,Online,Completed,0.10
ORD-01331,CUST-0037,2025-07-17,Retail,Cancelled,0.05
ORD-01332,CUST-0045,2025-03-19,Partner,Cancelled,0.05
ORD-01333,CUST-0121,2025-03-18,Retail,Completed,0.00
ORD-01334,CUST-0128,2025-08-10,Retail,Cancelled,0.05
ORD-01335,CUST-0037,2025-05-01,Partner,Cancelled,0.05
ORD-01336,CUST-0032,2025-11-03,Online,Completed,0.10
ORD-01337,CUST-0095,2025-08-02,Online,Completed,0.10
ORD-01338,CUST-0088,2025-10-23,Retail,Completed,0.05
ORD-01339,CUST-0121,2025-01-10,Retail,Completed,0.00
ORD-01340,CUST-0018,2025-08-19,Retail,Completed,0.10
ORD-01341,CUST-0058,2025-11-21,Online,Completed,0.20
ORD-01342,CUST-0052,2025-11-27,Online,Returned,0.20
ORD-01343,CUST-0050,2025-09-26,Partner,Completed,0.15
ORD-01344,CUST-0108,2025-02-10,Retail,Completed,0.05
ORD-01345,CUST-0071,2025-04-12,Partner,Completed,0.10
ORD-01346,CUST-0032,2025-01-27,Retail,Completed,0.10
ORD-01347,CUST-0112,2025-11-27,Retail,Completed,0.10
ORD-01348,CUST-0145,2025-10-19,Online,Cancelled,0.00
ORD-01349,CUST-0039,2025-02-22,Partner,Completed,0.25
ORD-01350,CUST-0021,2025-07-31,Retail,Completed,0.15
ORD-01351,CUST-0054,2025-08-18,Online,Completed,0.10
ORD-01352,CUST-0014,2025-11-26,Partner,Completed,0.00
ORD-01353,CUST-0040,2025-03-12,Partner,Completed,0.15
ORD-01354,CUST-0011,2025-04-13,Partner,Completed,0.05
ORD-01355,CUST-0039,2025-10-02,Online,Cancelled,0.25
ORD-01356,CUST-0052,2025-11-08,Retail,Completed,0.10
ORD-01357,CUST-0132,2025-07-27,Online,Completed,0.00
ORD-01358,CUST-0119,2025-01-28,Partner,Completed,0.20
ORD-01359,CUST-0047,2025-06-20,Online,Completed,0.25
ORD-01360,CUST-0074,2025-12-08,Online,Completed,0.00
ORD-01361,CUST-0013,2025-01-06,Retail,Cancelled,0.10
ORD-01362,CUST-0109,2025-07-10,Online,Completed,0.25
ORD-01363,CUST-0031,2025-06-04,Online,Completed,0.05
ORD-01364,CUST-0045,2025-01-08,Online,Completed,0.05
ORD-01365,CUST-0040,2025-04-21,Online,Completed,0.15
ORD-01366,CUST-0111,2025-08-27,Retail,Completed,0.00
ORD-01367,CUST-0073,2025-09-03,Online,Completed,0.00
ORD-01368,CUST-0112,2025-10-14,Partner,Completed,0.05
ORD-01369,CUST-0023,2025-11-03,Retail,Completed,0.15
ORD-01370,CUST-0038,2025-06-14,Partner,Completed,0.15
ORD-01371,CUST-0089,2025-05-30,Online,Completed,0.15
ORD-01372,CUST-0116,2025-10-04,Partner,Completed,0.00
ORD-01373,CUST-0036,2025-04-16,Partner,Completed,0.15
ORD-01374,CUST-0011,2025-09-24,Online,Completed,0.10
ORD-01375,CUST-0084,2025-07-11,Partner,Returned,0.20
ORD-01376,CUST-0049,2025-01-01,Partner,Completed,0.15
ORD-01377,CUST-0078,2025-04-18,Partner,Completed,0.05
ORD-01378,CUST-0076,2025-03-03,Online,Completed,0.25
ORD-01379,CUST-0116,2025-03-02,Retail,Cancelled,0.25
ORD-01380,CUST-0123,2025-11-22,Partner,Completed,0.25
ORD-01381,CUST-0138,2025-02-20,Retail,Completed,0.20
ORD-01382,CUST-0122,2025-05-10,Partner,Completed,0.05
ORD-01383,CUST-0087,2025-05-04,Partner,Returned,0.00
ORD-01384,CUST-0025,2025-01-06,Partner,Completed,0.25
ORD-01385,CUST-0018,2025-09-15,Online,Completed,0.25
ORD-01386,CUST-0076,2025-03-25,Online,Completed,0.10
ORD-01387,CUST-0100,2025-12-01,Online,Completed,0.00
ORD-01388,CUST-0114,2025-12-25,Online,Completed,0.05
ORD-01389,CUST-0128,2025-07-07,Partner,Completed,0.25
ORD-01390,CUST-0112,2025-10-13,Partner,Completed,0.00
ORD-01391,CUST-0122,2025-07-25,Partner,Cancelled,0.05
ORD-01392,CUST-0023,2025-10-20,Online,Completed,0.15
ORD-01393,CUST-0106,2025-03-01,Partner,Completed,0.05
ORD-01394,CUST-0096,2025-01-31,Partner,Completed,0.00
ORD-01395,CUST-0063,2025-09-03,Online,Completed,0.15
ORD-01396,CUST-0038,2025-12-08,Online,Cancelled,0.05
ORD-01397,CUST-0019,2025-10-17,Online,Completed,0.15
ORD-01398,CUST-0083,2025-07-22,Online,Completed,0.25
ORD-01399,CUST-0131,2025-07-28,Partner,Cancelled,0.25
ORD-01400,CUST-0020,2025-08-10,Partner,Completed,0.00
ORD-01401,CUST-0095,2025-05-23,Retail,Completed,0.25
ORD-01402,CUST-0125,2025-07-17,Partner,Completed,0.20
ORD-01403,CUST-0088,2025-09-30,Partner,Completed,0.00
ORD-01404,CUST-0081,2025-06-15,Online,Completed,0.10
ORD-01405,CUST-0109,2025-12-09,Partner,Completed,0.20
ORD-01406,CUST-0142,2025-06-14,Online,Completed,0.20
ORD-01407,CUST-0087,2025-04-04,Partner,Completed,0.10
ORD-01408,CUST-0118,2025-10-03,Retail,Completed,0.20
ORD-01409,CUST-0097,2025-10-09,Retail,Completed,0.05
ORD-01410,CUST-0146,2025-08-04,Online,Completed,0.15
ORD-01411,CUST-0047,2025-03-04,Retail,Completed,0.00
ORD-01412,CUST-0028,2025-10-08,Partner,Completed,0.00
ORD-01413,CUST-0073,2025-08-09,Online,Completed,0.20
ORD-01414,CUST-0150,2025-06-12,Online,Completed,0.15
ORD-01415,CUST-0147,2025-11-11,Retail,Completed,0.00
ORD-01416,CUST-0057,2025-05-04,Retail,Completed,0.05
ORD-01417,CUST-0079,2025-08-11,Partner,Cancelled,0.15
ORD-01418,CUST-0099,2025-11-11,Retail,Completed,0.10
ORD-01419,CUST-0083,2025-01-11,Retail,Completed,0.15
ORD-01420,CUST-0104,2025-04-17,Online,Completed,0.15
ORD-01421,CUST-0007,2025-12-18,Partner,Completed,0.25
ORD-01422,CUST-0100,2025-10-20,Retail,Completed,0.00
ORD-01423,CUST-0069,2025-07-07,Retail,Completed,0.05
ORD-01424,CUST-0051,2025-01-19,Retail,Completed,0.05
ORD-01425,CUST-0142,2025-01-26,Retail,Completed,0.10
ORD-01426,CUST-0080,2025-03-27,Partner,Completed,0.00
ORD-01427,CUST-0074,2025-10-08,Retail,Cancelled,0.05
ORD-01428,CUST-0018,2025-02-21,Retail,Completed,0.05
ORD-01429,CUST-0095,2025-04-02,Online,Completed,0.05
ORD-01430,CUST-0132,2025-01-11,Partner,Completed,0.00
ORD-01431,CUST-0095,2025-10-21,Retail,Completed,0.15
ORD-01432,CUST-0011,2025-02-04,Retail,Completed,0.10
ORD-01433,CUST-0148,2025-07-27,Retail,Completed,0.15
ORD-01434,CUST-0053,2025-02-07,Partner,Returned,0.10
ORD-01435,CUST-0098,2025-07-12,Retail,Completed,0.10
ORD-01436,CUST-0078,2025-07-22,Online,Completed,0.05
ORD-01437,CUST-0034,2025-08-01,Online,Completed,0.05
ORD-01438,CUST-0014,2025-06-29,Retail,Cancelled,0.25
ORD-01439,CUST-0018,2025-06-30,Retail,Completed,0.20
ORD-01440,CUST-0070,2025-01-31,Online,Completed,0.25
ORD-01441,CUST-0089,2025-11-15,Retail,Completed,0.00
ORD-01442,CUST-0111,2025-09-21,Online,Completed,0.20
ORD-01443,CUST-0085,2025-12-05,Partner,Completed,0.25
ORD-01444,CUST-0071,2025-07-21,Online,Completed,0.10
ORD-01445,CUST-0108,2025-10-19,Online,Completed,0.05
ORD-01446,CUST-0068,2025-09-05,Online,Completed,0.05
ORD-01447,CUST-0148,2025-10-13,Partner,Cancelled,0.25
ORD-01448,CUST-0063,2025-04-26,Online,Completed,0.10
ORD-01449,CUST-0077,2025-05-12,Online,Completed,0.20
ORD-01450,CUST-0026,2025-12-24,Partner,Completed,0.15
ORD-01451,CUST-0124,2025-12-06,Online,Completed,0.00
ORD-01452,CUST-0031,2025-06-07,Online,Completed,0.15
ORD-01453,CUST-0043,2025-06-22,Online,Completed,0.20
ORD-01454,CUST-0127,2025-02-17,Partner,Completed,0.00
ORD-01455,CUST-0009,2025-03-10,Retail,Returned,0.10
ORD-01456,CUST-0026,2025-01-20,Partner,Completed,0.00
ORD-01457,CUST-0101,2025-09-09,Online,Completed,0.10
ORD-01458,CUST-0036,2025-02-03,Retail,Completed,0.10
ORD-01459,CUST-0058,2025-12-19,Retail,Completed,0.10
ORD-01460,CUST-0079,2025-05-31,Partner,Completed,0.15
ORD-01461,CUST-0010,2025-02-10,Online,Completed,0.00
ORD-01462,CUST-0019,2025-05-25,Retail,Completed,0.20
ORD-01463,CUST-0142,2025-10-28,Retail,Cancelled,0.05
ORD-01464,CUST-0009,2025-05-10,Retail,Completed,0.15
ORD-01465,CUST-0048,2025-01-04,Online,Returned,0.15
ORD-01466,CUST-0038,2025-01-22,Online,Completed,0.20
ORD-01467,CUST-0096,2025-06-22,Online,Completed,0.20
ORD-01468,CUST-0071,2025-09-29,Retail,Cancelled,0.20
ORD-01469,CUST-0141,2025-05-29,Partner,Returned,0.15
ORD-01470,CUST-0005,2025-07-28,Partner,Completed,0.00
ORD-01471,CUST-0077,2025-11-30,Online,Completed,0.25
ORD-01472,CUST-0057,2025-08-19,Online,Completed,0.15
ORD-01473,CUST-0138,2025-10-07,Retail,Completed,0.25
ORD-01474,CUST-0142,2025-05-28,Online,Cancelled,0.15
ORD-01475,CUST-0085,2025-11-28,Online,Cancelled,0.00
ORD-01476,CUST-0044,2025-12-03,Retail,Completed,0.15
ORD-01477,CUST-0025,2025-05-28,Retail,Returned,0.25
ORD-01478,CUST-0032,2025-01-02,Online,Completed,0.10
ORD-01479,CUST-0129,2025-10-01,Retail,Completed,0.15
ORD-01480,CUST-0049,2025-10-07,Retail,Completed,0.20
ORD-01481,CUST-0038,2025-06-25,Online,Completed,0.25
ORD-01482,CUST-0100,2025-08-10,Online,Cancelled,0.15
ORD-01483,CUST-0018,2025-04-27,Partner,Cancelled,0.15
ORD-01484,CUST-0001,2025-10-20,Retail,Completed,0.25
ORD-01485,CUST-0035,2025-02-19,Partner,Completed,0.00
ORD-01486,CUST-0088,2025-03-03,Partner,Completed,0.25
ORD-01487,CUST-0028,2025-01-29,Retail,Completed,0.05
ORD-01488,CUST-0136,2025-07-06,Online,Completed,0.25
ORD-01489,CUST-0024,2025-03-12,Partner,Completed,0.00
ORD-01490,CUST-0047,2025-10-23,Online,Completed,0.00
ORD-01491,CUST-0139,2025-02-10,Partner,Completed,0.20
ORD-01492,CUST-0108,2025-02-17,Partner,Completed,0.25
ORD-01493,CUST-0025,2025-10-29,Online,Completed,0.15
ORD-01494,CUST-0104,2025-10-05,Online,Completed,0.20
ORD-01495,CUST-0146,2025-12-25,Online,Completed,0.00
ORD-01496,CUST-0070,2025-10-23,Partner,Completed,0.05
ORD-01497,CUST-0136,2025-05-30,Retail,Completed,0.20
ORD-01498,CUST-0128,2025-01-01,Online,Completed,0.05
ORD-01499,CUST-0034,2025-01-21,Online,Returned,0.25
ORD-01500,CUST-0035,2025-04-22,Retail,Returned,0.20
